Symbol,Name,Last,Change,%Chg,Open,High,Low,Volume,Time
A,"Agilent Technologies",134.67,-1.78,-1.30%,136.99,137.16,134.31,1358700,2025-02-14
AA,"Alcoa Corp",36.24,-0.14,-0.38%,37.16,37.47,36.18,3113600,2025-02-14
AAL,"American Airlines Gp",15.97,0.23,+1.46%,15.84,15.98,15.64,29250900,2025-02-14
AAON,"Aaon Inc",113.16,0.3,+0.27%,112.86,114.71,112.24,269100,2025-02-14
AAP,"Advance Auto Parts Inc",47.87,-0.72,-1.48%,49,49.015,47.49,1176400,2025-02-14
AAPL,"Apple Inc",244.6,3.07,+1.27%,241.25,245.55,240.99,40896199,2025-02-14
ABBV,"Abbvie Inc",192.87,-0.58,-0.30%,193.95,195.18,192.78,3976900,2025-02-14
ABNB,"Airbnb Inc Cl A",161.42,20.38,+14.45%,158.18,163.93,156.93,21649301,2025-02-14
ABT,"Abbott Laboratories",130.61,-1.18,-0.90%,132.32,132.65,130.52,3733900,2025-02-14
ACGL,"Arch Capital Grp Ltd",88.2,-1.96,-2.17%,90.16,90.21,88.02,1823900,2025-02-14
ACHC,"Acadia Healthcr Company",41.06,-0.69,-1.65%,41.86,42,40.88,779400,2025-02-14
ACI,"Albertsons Companies Inc Cl A",20.83,-0.51,-2.39%,21.36,21.395,20.69,3613500,2025-02-14
ACM,"Aecom Technology Corp",100.41,-1.78,-1.74%,102.33,102.6299,99.69,1247100,2025-02-14
ACN,"Accenture Plc",388,-1.53,-0.39%,390,391,387.43,2024700,2025-02-14
ADBE,"Adobe Systems Inc",460.16,0.94,+0.20%,463.35,464.99,458,2622900,2025-02-14
ADC,"Agree Realty Corp",71,-0.83,-1.16%,71.72,72.44,70.93,738400,2025-02-14
ADI,"Analog Devices",214.61,5.27,+2.52%,211.24,215.15,210.63,3938600,2025-02-14
ADM,"Archer Daniels Midland",46.1,0.39,+0.85%,45.76,46.26,45.76,3382000,2025-02-14
ADP,"Automatic Data Procs",308.15,-2.07,-0.67%,310,311.59,308.13,1101000,2025-02-14
ADSK,"Autodesk Inc",302.72,-0.76,-0.25%,303.48,304.97,301.3,924100,2025-02-14
ADT,"ADT Inc",7.57,0.07,+0.93%,7.53,7.665,7.53,6332900,2025-02-14
AEE,"Ameren Corp",98.07,-0.2,-0.20%,98.84,100.615,97.4,3561300,2025-02-14
AEP,"American Electric Power Company",101.83,0.84,+0.83%,101.21,102.92,100.84,2770900,2025-02-14
AES,"The Aes Corp",9.93,-0.21,-2.07%,10.16,10.26,9.91,18458100,2025-02-14
AFG,"American Financial Group",123.28,-1.04,-0.84%,124.87,125.26,122.84,546400,2025-02-14
AFL,"Aflac Inc",103.34,-0.74,-0.71%,104.31,104.88,103.31,1450300,2025-02-14
AFRM,"Affirm Holdings Inc Cl A",80.69,1.41,+1.78%,79.79,80.72,78.06,6263200,2025-02-14
AGCO,"Agco Corp",98.05,4.2,+4.48%,94.78,98.3,93.75,1022100,2025-02-14
AGNC,"Agnc Investment Corp",10.43,0.11,+1.07%,10.35,10.45,10.35,19586100,2025-02-14
AGO,"Assured Guaranty Ltd",90.59,-1.62,-1.76%,91.88,92.38,90.55,320300,2025-02-14
AIG,"American International Group",74.34,-2.06,-2.70%,76.1,76.3125,73.95,5336300,2025-02-14
AIZ,"Assurant Inc",202.96,-5.06,-2.43%,207.16,207.92,202.47,400400,2025-02-14
AJG,"Arthur J. Gallagher & Company",321.5,-7.06,-2.15%,328.85,329.6,319.5,2079600,2025-02-14
AKAM,"Akamai Technologies",100.01,0.35,+0.35%,100.06,101.62,99.7,1466500,2025-02-14
AL,"Air Lease Corp Cl A",49.45,3.1,+6.69%,48,49.88,46.5,1095300,2025-02-14
ALAB,"Astera Labs Inc",87.85,-0.34,-0.39%,88.29,88.29,83.69,6191000,2025-02-14
ALB,"Albemarle Corp",81.21,1.96,+2.47%,80.16,82.3862,79.59,2744600,2025-02-14
ALGM,"Allegro Microsystems Inc",25.74,1.17,+4.76%,24.6,26.25,24.46,3597800,2025-02-14
ALGN,"Align Technology",206.77,1.88,+0.92%,206,208.65,202,880500,2025-02-14
ALK,"Alaska Air Group",75.74,3.2,+4.41%,72.89,75.76,72.21,2296800,2025-02-14
ALL,"Allstate Corp",187.63,-5.14,-2.67%,192.11,192.69,185.8,3917900,2025-02-14
ALLE,"Allegion Plc",133.39,0.23999999999998,+0.18%,133.55,134.25,132.76,1354500,2025-02-14
ALLY,"Ally Financial",38.38,1.08,+2.90%,37.44,38.52,37.275,2504000,2025-02-14
ALNY,"Alnylam Pharmaceuticals",256.45,-8.44,-3.19%,264.02,264.87,251.87,805900,2025-02-14
ALSN,"Allison Transmission Holdings",104.55,2.95,+2.90%,101.62,105.44,101.19,968100,2025-02-14
AM,"Antero Midstream Corp",16.67,-0.15,-0.89%,16.82,16.985,16.61,3692300,2025-02-14
AMAT,"Applied Materials",169.2,-15.07,-8.18%,174.84,176,168.61,12452800,2025-02-14
AMCR,"Amcor Plc",10.07,-0.03,-0.30%,10.15,10.19,10.04,10333400,2025-02-14
AMD,"Adv Micro Devices",113.1,1.29,+1.15%,112.65,114.63,111.7,32477100,2025-02-14
AME,"Ametek Inc",183.54,-0.89,-0.48%,184.11,185,182.69,1041700,2025-02-14
AMED,"Amedisys Inc",92.6,-0.18,-0.19%,92.78,92.79,92.41,130600,2025-02-14
AMG,"Affiliated Managers Group",170.08,1.6,+0.95%,168.87,171.575,168.87,180100,2025-02-14
AMGN,"Amgen Inc",291.16,-5.81,-1.96%,294.75,295.16,290.45,2189300,2025-02-14
AMH,"American Homes 4 Rent",35.24,-0.59,-1.65%,35.95,36.07,35.19,2710600,2025-02-14
AMKR,"Amkor Technology",22.51,0.32,+1.44%,22.19,22.57,21.84,2011300,2025-02-14
AMP,"Ameriprise Financial Services",545.93,6.1899999999999,+1.15%,539.17,547.98,538.51,1097300,2025-02-14
AMT,"American Tower Corp",189.38,-0.61,-0.32%,190.65,193.55,189.11,1776100,2025-02-14
AMTM,"Amentum Holdings Inc",19.8,-0.01,-0.05%,19.94,20.1,19.35,1479000,2025-02-14
AMZN,"Amazon.com Inc",228.68,-1.69,-0.73%,229.2,229.89,227.23,27031000,2025-02-14
AN,"Autonation Inc",192.68,0.69,+0.36%,192.68,194.4,191.71,412000,2025-02-14
ANET,"Arista Networks Inc",106.87,-2.88,-2.62%,109.05,109.05,106.32,12230800,2025-02-14
ANSS,"Ansys Inc",338.93,-0.24,-0.07%,340.01,340.8,337.03,307400,2025-02-14
AON,"AON Plc",386.99,-3.3,-0.85%,390.06,391.405,386.55,740400,2025-02-14
AOS,"Smith A.O. Corp",66.22,0.22,+0.33%,66.35,67.065,65.92,1719900,2025-02-14
APA,"Apa Corp",23.14,0.65,+2.89%,22.65,23.38,22.57,7882700,2025-02-14
APD,"Air Products and Chemicals",316.12,0.95999999999998,+0.30%,316.4,318.41,315.07,1171400,2025-02-14
APG,"Api Group Corp",37.5,0.030000000000001,+0.08%,37.55,37.78,37.25,827900,2025-02-14
APH,"Amphenol Corp",68.88,-0.49,-0.71%,69.7,70.07,68.8,5468000,2025-02-14
APLS,"Apellis Pharmaceuticals Inc",27.4,-0.06,-0.22%,27.77,28.23,27.02,1287800,2025-02-14
APO,"Apollo Asset Management Inc",162.81,4.89,+3.10%,158.27,163.15,157.59,2665800,2025-02-14
APP,"Applovin Corp Cl A",510.13,38.46,+8.15%,473.56,516.99,462.8,11344800,2025-02-14
APPF,"Appfolio Cl A",217.32,2.45,+1.14%,214.21,217.69,213,190000,2025-02-14
APTV,"Aptiv Plc",67,0.59,+0.89%,67.11,67.4,66.085,2121400,2025-02-14
AR,"Antero Resources Corp",39.84,-0.31,-0.77%,40.35,40.5,39.41,3880900,2025-02-14
ARE,"Alexandria Real Estate Equities",94.85,-0.97,-1.01%,96.25,97.74,94.81,684500,2025-02-14
ARES,"Ares Management LP",186.18,1.79,+0.97%,185.02,187.04,183.92,784800,2025-02-14
ARMK,"Aramark Holdings Corp",37.75,-0.93,-2.40%,38.91,38.91,37.75,1122100,2025-02-14
ARW,"Arrow Electronics",109.12,0.90000000000001,+0.83%,108.89,109.6187,108.2401,431200,2025-02-14
AS,"Amer Sports Inc",30.99,0.11,+0.36%,30.75,31.45,30.3,1768400,2025-02-14
ASH,"Ashland Inc",64.9,-0.08,-0.12%,65.48,65.93,64.76,528300,2025-02-14
ATI,"Ati Inc",61.04,-0.19,-0.31%,61.84,62.077,60.82,1293700,2025-02-14
ATO,"Atmos Energy Corp",146.51,-1.47,-0.99%,148.24,148.84,146.46,745500,2025-02-14
ATR,Aptargroup,144.79,2.02,+1.41%,143.69,145.31,142.72,512800,2025-02-14
AVB,"Avalonbay Communities",218.35,-1.75,-0.80%,220.62,221.861,217.905,741000,2025-02-14
AVGO,"Broadcom Ltd",233.04,-2.76,-1.17%,234.53,235.74,228.9,16988699,2025-02-14
AVT,"Avnet Inc",51.21,0.69,+1.37%,50.9,51.38,50.85,732500,2025-02-14
AVTR,"Avantor Inc",17.87,-0.23,-1.27%,18.18,18.36,17.83,3914100,2025-02-14
AVY,"Avery Dennison Corp",181.61,-1.27,-0.69%,183.71,184.82,180.43,526600,2025-02-14
AWI,"Armstrong World Industries Inc",153.87,0.84,+0.55%,153.56,154.62,153.195,212500,2025-02-14
AWK,"American Water Works",125.66,-1.21,-0.95%,127,127.455,125.04,1698800,2025-02-14
AXON,"Axon Enterprise Inc",683.41,18.71,+2.81%,662.57,686.17,648.85,694100,2025-02-14
AXP,"American Express Company",311.04,3.54,+1.15%,307.43,311.85,307.42,1725500,2025-02-14
AXS,"Axis Capital Holdings",90.05,-1.2,-1.32%,91.05,91.48,89.9,621500,2025-02-14
AXTA,"Axalta Coating Systems Ltd",37.17,-0.28,-0.75%,37.55,37.72,37.045,1648900,2025-02-14
AYI,"Acuity Brands Inc",329.09,3.79,+1.17%,327.76,331.64,326.44,198700,2025-02-14
AZEK,"The Azek Company Cl A",50.13,0.15000000000001,+0.30%,50.18,50.62,49.91,1198000,2025-02-14
AZO,Autozone,3458.55,-11.16,-0.32%,3477.8301,3478,3435.6101,77000,2025-02-14
AZPN,"Aspen Technology",264.78,-0.06,-0.02%,264.93,265.49,264.65,204300,2025-02-14
AZTA,"Azenta Inc",45.41,0.31,+0.68%,46.14,46.31,45.28,419300,2025-02-14
BA,"Boeing Company",184.42,-1.02,-0.55%,186.75,186.82,183.575,5044700,2025-02-14
BAC,"Bank of America Corp",46.96,0.63,+1.36%,46.48,47.09,46.48,25960400,2025-02-14
BAH,"Booz Allen Hamilton Holding Corp",117.73,0.40000000000001,+0.34%,118.08,119.26,115.97,1695200,2025-02-14
BALL,"Ball Corporation",49.85,0.52,+1.05%,49.57,50.48,49.52,2816000,2025-02-14
BAX,"Baxter International Inc",30.82,0.2,+0.65%,30.96,31.09,30.61,3855400,2025-02-14
BBWI,"Bath & Body Works Inc",36.47,0.039999999999999,+0.11%,36.75,36.75,36.06,1835200,2025-02-14
BBY,"Best Buy Company",91.1,1.93,+2.16%,90,91.25,89.62,2721400,2025-02-14
BC,"Brunswick Corp",65.58,0.59999999999999,+0.92%,65.49,66.94,65.03,441900,2025-02-14
BDX,"Becton Dickinson and Company",224.8,-0.21,-0.09%,227.25,227.45,224.78,1131400,2025-02-14
BEN,"Franklin Resources",20.53,0.29,+1.43%,20.4,20.685,20.36,4091600,2025-02-14
BEPC,"Brookfield Renewable Corp",27.73,0.24,+0.87%,27.61,28.13,27.43,1676900,2025-02-14
BERY,"Berry Global Group",70.24,-0.17,-0.24%,70.3,71.17,70.19,617700,2025-02-14
BF.A,"Brown Forman Inc Cl A",31.46,-0.16,-0.51%,31.57,32.195,31.39,79400,2025-02-14
BFAM,"Bright Horizons Family Solutions Inc",128.93,9.94,+8.35%,127.74,130,123.893,1115300,2025-02-14
BF.B,"Brown Forman Inc Cl B",31.15,-0.21,-0.67%,31.59,32.03,31.04,2474600,2025-02-14
BG,"Bunge Ltd",70.5,0.70999999999999,+1.02%,70.07,70.9599,69.71,1276600,2025-02-14
BHF,"Brighthouse Financial Inc",62.14,3.4,+5.79%,58.83,62.57,58.83,1262100,2025-02-14
BIIB,"Biogen Inc",137.33,-1.12,-0.81%,140.14,141.69,136.05,1692100,2025-02-14
BILL,"Bill Holdings Inc",59.82,-1.06,-1.74%,60.84,61.0689,58.67,4696000,2025-02-14
BIO,"Bio-Rad Laboratories",277.16,-29.2,-9.53%,301.98,301.98,273.6725,1065400,2025-02-14
BIRK,"Birkenstock Holding Plc",55.25,-1.67,-2.93%,56.7,56.92,54.92,1140500,2025-02-14
BJ,"Bj's Wholesale Club Holdings Inc",105.95,-1.,-0.94%,106.98,107.7,105.75,1294100,2025-02-14
BK,"Bank of New York Mellon Corp",87.84,0.96000000000001,+1.10%,87.4,88.25,87.275,5104300,2025-02-14
BKNG,"Booking Holdings Inc",5044.4,35.7,+0.71%,5085.44,5085.44,4975.54,202500,2025-02-14
BKR,"Baker Hughes Company",46.4,0.25,+0.54%,46.54,46.74,46.03,4850800,2025-02-14
BLD,"Topbuild Corp",326.21,-0.91,-0.28%,329.91,335.6,325,157200,2025-02-14
BLDR,"Builders Firstsource",153.9,1.4,+0.92%,154.15,157.96,152.9101,1468600,2025-02-14
BLK,"Blackrock Inc",973.92,-6.38,-0.65%,975,978.65,968.375,965300,2025-02-14
BMRN,"Biomarin Pharmaceuticals",64.85,0.42999999999999,+0.67%,64.68,65.47,63.55,1048900,2025-02-14
BMY,"Bristol-Myers Squibb Company",53.9,-2.07,-3.70%,56.025,56.025,53.66,13227200,2025-02-14
BOKF,"Bok Financial Corp",110.57,-0.12,-0.11%,111.39,112.46,110.15,143500,2025-02-14
BPOP,"Popular Inc",104.41,1.41,+1.37%,102.53,105.34,101.21,446500,2025-02-14
BR,"Broadridge Financial Solutions Llc",240.33,-2.42,-1.00%,243.23,244.47,240.24,277600,2025-02-14
BRBR,"Bellring Brands Inc Cl A",76.68,-0.87,-1.12%,77.28,78.1418,76.47,948700,2025-02-14
BRK.B,"Berkshire Hathaway Cl B",479.59,-0.9,-0.19%,481.47,484.55,479.45,2825700,2025-02-14
BRKR,"Bruker Corp",50.04,-1.11,-2.17%,51.5,51.95,49.84,2046400,2025-02-14
BRO,"Brown & Brown",110.6,-0.33,-0.30%,110.77,111.18,110.02,1454000,2025-02-14
BROS,"Dutch Bros Inc Cl A",81.97,-1.57,-1.88%,83.9,84.9081,81.24,4067300,2025-02-14
BRX,"Brixmor Property Group Inc",27.67,-0.45,-1.60%,28.47,28.58,27.655,3537100,2025-02-14
BSX,"Boston Scientific Corp",106.11,-0.03,-0.03%,106.1,106.715,105.77,3966600,2025-02-14
BSY,"Bentley Systems Inc Cl B",47.25,0.54,+1.16%,46.86,47.28,46.54,895800,2025-02-14
BURL,"Burlington Stores Inc",245.1,-3.26,-1.31%,249.45,250.295,243.49,849600,2025-02-14
BWA,"Borgwarner Inc",30.22,0.82,+2.79%,29.78,30.29,29.57,2915000,2025-02-14
BWXT,"Bwx Technologies Inc",106.83,-2.29,-2.10%,109.26,109.26,105.1,986600,2025-02-14
BX,"Blackstone Inc",164.84,4.36,+2.72%,161.75,165.85,161.251,4179500,2025-02-14
BXP,"Bxp Inc",70.88,-0.38,-0.53%,71.74,72.545,70.85,847100,2025-02-14
BYD,"Boyd Gaming Corp",78.53,0.46000000000001,+0.59%,78.39,78.98,78,951700,2025-02-14
C,"Citigroup Inc",84.61,2.51,+3.06%,82.41,84.67,82.23,16034900,2025-02-14
CACC,"Credit Acceptance",520.61,8.71,+1.70%,514.9,525.46,514.9,38500,2025-02-14
CACI,"Caci International",338.51,-4.5,-1.31%,344.3,347.6708,334.05,566500,2025-02-14
CAG,"Conagra Brands Inc",25.28,0.3,+1.20%,25.1,25.47,25.045,6372600,2025-02-14
CAH,"Cardinal Health",126.21,-0.57,-0.45%,127,127.9,126.16,1620300,2025-02-14
CAR,"Avis Budget Group",90.75,3.56,+4.08%,88.13,92.53,86.62,1079000,2025-02-14
CARR,"Carrier Global Corp",65.13,1.46,+2.29%,64,65.35,63.86,6754400,2025-02-14
CART,"Maplebear Inc [Instacart]",50.97,0.98,+1.96%,50.2,51.33,49.18,2384800,2025-02-14
CASY,"Casey's General Stor",432.17,-10.37,-2.34%,443.69,445.17,431.85,270700,2025-02-14
CAT,"Caterpillar Inc",353.32,-0.38,-0.11%,356.6,358.8762,352.8,2045200,2025-02-14
CAVA,"Cava Group Inc",131.07,0.56999999999999,+0.44%,130.28,131.6,126.64,1595000,2025-02-14
CB,"Chubb Ltd",264.52,-3.22,-1.20%,267.36,267.9769,264.2482,1919800,2025-02-14
CBOE,"CBOE Global Markets Inc",202.33,-5.9,-2.83%,209.45,209.45,202,691200,2025-02-14
CBRE,"CBRE Group Inc",143.73,0.59999999999999,+0.42%,142.6,145.59,140.77,2078100,2025-02-14
CBSH,"Commerce Bancshares",65.74,-0.7,-1.05%,66.54,67.07,65.74,439200,2025-02-14
CC,"Chemours Company",16.83,-0.96,-5.40%,17.94,18.03,16.75,4120300,2025-02-14
CCCS,"CCC Intelligent Solutions Hldgs Inc",10.75,-0.19,-1.74%,10.95,10.96,10.74,2578800,2025-02-14
CCI,"Crown Castle Inc",87.96,-1.91,-2.13%,89.28,90.5,87.96,3411700,2025-02-14
CCK,"Crown Cork & Seal Company",88.03,-0.39,-0.44%,88.5,88.975,87.92,716100,2025-02-14
CCL,"Carnival Corp",26.23,0.37,+1.43%,25.98,26.25,25.48,12164800,2025-02-14
CDNS,"Cadence Design Sys",295.19,-0.97,-0.33%,295.92,296.01,291.96,2105100,2025-02-14
CDW,"CDW Corp",189.39,1.8,+0.96%,188.02,191.81,187.21,1733900,2025-02-14
CE,"Celanese Corp",68.06,2.76,+4.23%,68.24,70.51,67.75,3262200,2025-02-14
CEG,"Constellation Energy Corp",317.3,5.81,+1.87%,311.18,318.19,306.22,2192900,2025-02-14
CELH,"Celsius Holdings Inc",22.34,-0.32,-1.41%,23.06,23.39,22.32,7155500,2025-02-14
CERT,"Certara Inc",14.19,-0.06,-0.42%,15.18,15.69,14.17,2074900,2025-02-14
CF,"Cf Industries Holdings",82.48,1.52,+1.88%,81.79,83.69,81.48,2192000,2025-02-14
CFG,"Citizens Financial Group Inc/Ri",46.35,0.3,+0.65%,46.18,46.82,46.16,2325600,2025-02-14
CFLT,"Confluent Inc Cl A",34.85,-1.38,-3.81%,36.1,36.25,34.81,7013300,2025-02-14
CFR,"Cullen/Frost Bankers",143.75,-0.03,-0.02%,144.2,145.17,142.78,564400,2025-02-14
CG,"The Carlyle Group",51.77,0.74,+1.45%,51.35,52.05,51.09,3989400,2025-02-14
CGNX,"Cognex Corp",33.2,-0.72,-2.12%,33.96,33.96,32.41,3008300,2025-02-14
CHD,"Church & Dwight Company",105,-2.235,-2.08%,107.02,107.22,104.98,1723500,2025-02-14
CHDN,"Churchill Downs IN",122.11,-0.98,-0.80%,123.84,124.98,121.74,532300,2025-02-14
CHE,"Chemed Inc",553.59,-7.02,-1.25%,562.49,562.49,552.13,41000,2025-02-14
CHH,"Choice Hotels International",145.9,-1.03,-0.70%,148.32,149.255,145.84,437100,2025-02-14
CHRD,"Chord Energy Corp",110.93,0.74,+0.67%,110.6,113.51,110.04,641400,2025-02-14
CHRW,"C.H. Robinson Ww",99.49,0.87,+0.88%,98.8,99.64,98.46,853900,2025-02-14
CHTR,"Charter Communications Inc",360.27,-0.5,-0.14%,362,364.03,359.77,671800,2025-02-14
CI,"The Cigna Group",292.32,-7.5,-2.50%,299.12,301.5988,291.85,1579500,2025-02-14
CIEN,"Ciena Corp",89.8,0.95,+1.07%,88.48,90.01,88.01,1518300,2025-02-14
CINF,"Cincinnati Financial",136.97,-0.22,-0.16%,137.06,138.79,136.34,948600,2025-02-14
CIVI,"Civitas Resources Inc",50.24,1.21,+2.47%,49.5,50.35,49.31,875400,2025-02-14
CL,"Colgate-Palmolive Company",86.04,-1.71,-1.95%,87.27,87.46,85.885,4137100,2025-02-14
CLF,"Cleveland-Cliffs Inc",11.48,0.09,+0.79%,11.5,11.6,11.16,14770900,2025-02-14
CLH,"Clean Harbors",229.78,-1.3,-0.56%,233.19,233.58,228.615,399700,2025-02-14
CLVT,"Clarivate Analytics Plc",4.9,-0.04,-0.81%,4.97,5.01,4.88,4267900,2025-02-14
CLX,"Clorox Company",147.92,-2.85,-1.89%,150.03,150.96,147.75,1318000,2025-02-14
CMA,"Comerica Inc",67.09,0.33,+0.49%,67.04,67.87,66.72,1640500,2025-02-14
CMCSA,"Comcast Corp A",35.39,0.009999999999998,+0.03%,35.4,35.62,35.29,17933301,2025-02-14
CME,"CME Group Inc",245.48,-4.63,-1.85%,248.73,250.31,245.2,1444200,2025-02-14
CMG,"Chipotle Mexican Grill",57.08,-1.05,-1.81%,58.15,58.19,56.975,8755400,2025-02-14
CMI,"Cummins Inc",373.78,4.46,+1.21%,370.72,373.87,368.87,802000,2025-02-14
CMS,"Cms Energy Corp",68.81,-0.4675,-0.67%,69.57,69.78,68.74,2237100,2025-02-14
CNA,"CNA Financial Corp",48.65,-0.71,-1.44%,49.26,49.5199,48.565,351100,2025-02-14
CNC,"Centene Corp",56.86,0.049999999999997,+0.09%,57.15,57.3305,56.48,3447800,2025-02-14
CNH,"CNH Industrial N.V.",12.81,0.35,+2.81%,12.57,12.845,12.52,10076200,2025-02-14
CNM,"Core & Main Inc Cl A",54.31,0.27,+0.50%,54.38,55.22,53.98,1016200,2025-02-14
CNP,"Centerpoint Energy Inc",33.41,-0.02,-0.06%,33.6,33.85,33.38,5220000,2025-02-14
CNXC,"Concentrix Corp",48.12,-0.39,-0.80%,48.84,49.42,47.41,529800,2025-02-14
COF,"Capital One Financial Corp",202.16,4.85,+2.46%,197.8,203.229,197.565,2506400,2025-02-14
COHR,"Coherent Corp",86.8,0.34,+0.39%,86.8,87.36,84.28,3420000,2025-02-14
COIN,"Coinbase Global Inc Cl A",274.31,-23.8,-7.98%,288.02,291.55,274,19269600,2025-02-14
COKE,"Coca-Cola Consolidated Inc",1408.59,-49.87,-3.42%,1457,1458.83,1402.33,46800,2025-02-14
COLB,"Columbia Banking Sys",27.41,-0.06,-0.22%,27.59,27.99,27.34,969600,2025-02-14
COLD,"Americold Realty Trust",21.4,-0.07,-0.33%,21.62,21.9,21.325,2062300,2025-02-14
COLM,"Columbia Sprtswr",84.58,1.99,+2.41%,82.85,84.93,82.36,774000,2025-02-14
COO,"Cooper Companies",88.1,-5.58,-5.96%,92.85,93,86.89,3052800,2025-02-14
COP,Conocophillips,96.26,0.14,+0.15%,96.91,98.46,96.235,7960800,2025-02-14
COR,"Cencora Inc",242.63,-1.35,-0.55%,244,246.32,242.59,1277800,2025-02-14
COST,"Costco Wholesale",1071.85,-5.01,-0.47%,1076.48,1077.49,1068.01,1410700,2025-02-14
COTY,"Coty Inc",5.58,-0.17,-2.96%,5.78,5.84,5.545,8363500,2025-02-14
CPAY,"Corpay Inc",377.31,8.9,+2.42%,370,378.055,370,403600,2025-02-14
CPB,"The Campbell's Company",38.6,-0.01,-0.03%,38.78,39.19,38.5,2270900,2025-02-14
CPNG,"Coupang Inc Cl A",25.34,0.34,+1.36%,25.06,25.38,24.98,8736500,2025-02-14
CPRI,"Capri Holdings Ltd",22.46,-0.17,-0.75%,22.64,22.75,22.02,2173200,2025-02-14
CPRT,"Copart Inc",59.39,-0.44,-0.74%,60.03,60.03,59.33,2392600,2025-02-14
CPT,"Camden Property Trust",119.07,-0.09,-0.08%,119.78,120.77,119.02,604300,2025-02-14
CR,"Crane Company",171.49,2.87,+1.70%,170,172.28,168.49,220900,2025-02-14
CRH,"CRH Plc ADR",108.3,1.8,+1.69%,107.89,108.39,107.06,5721300,2025-02-14
CRI,"Carter's Inc",52.88,1.16,+2.24%,52.05,53.16,50.88,1093900,2025-02-14
CRL,"Charles River Laboratories Intl",151.99,-1.18,-0.77%,155.02,155.02,151.92,841100,2025-02-14
CRM,"Salesforce Inc",326.54,-3.31,-1.00%,328.03,328.5,322.62,5879700,2025-02-14
CROX,"Crocs Inc",108.43,-1.62,-1.47%,109.65,110.73,106.25,2473800,2025-02-14
CRUS,"Cirrus Logic Inc",109.06,2.11,+1.97%,107.47,110.49,106.99,748400,2025-02-14
CRWD,"Crowdstrike Holdings Inc",451.74,-2.03,-0.45%,449.47,453.46,442.87,2845400,2025-02-14
CSCO,"Cisco Systems Inc",64.87,1.03,+1.61%,63.79,65.07,63.44,23693299,2025-02-14
CSGP,"Costar Group Inc",74.06,0.5,+0.68%,74.1,74.46,73.32,3413000,2025-02-14
CSL,"Carlisle Companies Inc",357.81,-2.8,-0.78%,360.6,361.92,354.4125,582100,2025-02-14
CSX,"CSX Corp",33.37,0.27,+0.82%,33.25,33.49,33.17,10739900,2025-02-14
CTAS,"Cintas Corp",204.22,-1.38,-0.67%,206,207.22,204.2,1062600,2025-02-14
CTRA,"Coterra Energy Inc",27.52,-0.07,-0.25%,27.73,28.06,27.51,4548000,2025-02-14
CTSH,"Cognizant Tech Sol",90.7,1.12,+1.25%,89.84,90.82,89.34,4369900,2025-02-14
CTVA,"Corteva Inc",63.96,1.1,+1.75%,63.5,64.44,63.11,3906300,2025-02-14
CUBE,Cubesmart,41.6,-0.43,-1.02%,42.42,42.57,41.385,1233700,2025-02-14
CUZ,"Cousins Properties Inc",29.95,-0.58,-1.90%,30.53,30.78,29.92,1144000,2025-02-14
CVNA,"Carvana Company Cl A",285.33,12.93,+4.75%,273.5,286.38,272.98,3945700,2025-02-14
CVS,"CVS Corp",65.83,-0.54,-0.81%,66.89,66.99,65.58,10210400,2025-02-14
CVX,"Chevron Corp",155.34,1.17,+0.76%,155.08,157.45,154.88,5828800,2025-02-14
CW,"Curtiss-Wright Corp",323.2,-14.75,-4.36%,337.95,341.33,320.66,553600,2025-02-14
CWEN,"Clearway Energy Inc Cl C",26.13,-0.15,-0.57%,26.3,26.64,25.885,874500,2025-02-14
CWE.A,"Clearway Energy Inc [Cwen.A]",24.62,-0.16,-0.65%,24.79,25.14,24.42,110800,2025-02-14
CXT,"Crane Nxt CO",59.81,2.01,+3.48%,58.43,59.945,57.76,857300,2025-02-14
CZR,"Caesars Entertainment Inc",39.76,0.89,+2.29%,39.39,40,39.02,3592900,2025-02-14
D,"Dominion Energy Inc",55.59,-1.12,-1.97%,56.92,56.99,55.45,3663900,2025-02-14
DAL,"Delta Air Lines Inc",65.39,1.33,+2.08%,64.35,65.53,63.9,6049800,2025-02-14
DAR,"Darling International Inc",40.92,0.43,+1.06%,40.72,41.54,40.52,1461900,2025-02-14
DASH,"Doordash Inc Cl A",213.38,7.74,+3.76%,205.74,214.64,204.87,6885000,2025-02-14
DAY,"Dayforce Inc",66.42,-0.26,-0.39%,66.98,67.65,66.29,1344500,2025-02-14
DBX,"Dropbox Inc",32.78,0.29,+0.89%,32.52,32.85,32.31,2410600,2025-02-14
DCI,"Donaldson Company",68.58,-1.51,-2.15%,70.16,70.53,68.325,668700,2025-02-14
DD,"Dupont Denemours Inc",83.25,-0.8,-0.95%,84.46,85,83.22,2916100,2025-02-14
DDOG,"Datadog Inc Cl A",131.01,-4.88,-3.59%,133.61,135.81,129.69,8664000,2025-02-14
DDS,Dillard's,493.15,-5.36,-1.08%,503.14,503.14,484.13,100700,2025-02-14
DE,"Deere & Company",480.22,14,+3.00%,469.9,481.14,467.095,1919400,2025-02-14
DECK,"Deckers Outdoor Corp",155.07,-3.04,-1.92%,157.1,158,154.2,2263300,2025-02-14
DELL,"Dell Technologies Inc",114.38,4.12,+3.74%,111.04,117.16,109.71,16971700,2025-02-14
DFS,"Discover Financial Services",195.97,5.86,+3.08%,190.89,197.28,190.89,1238100,2025-02-14
DG,"Dollar General Corp",72.56,-0.28,-0.38%,73.7,73.95,72.01,2809300,2025-02-14
DGX,"Quest Diagnostics Inc",168.77,0.050000000000011,+0.03%,169.25,171.3,168.11,1327100,2025-02-14
DHI,"D.R. Horton",130.57,1.23,+0.95%,130.35,133.15,130.25,2477800,2025-02-14
DHR,"Danaher Corp",206.3,2.71,+1.33%,204.1,207.15,203.93,4791700,2025-02-14
DINO,"HF Sinclair Corp",38.01,1.11,+3.01%,37.2,38.42,37.025,3668200,2025-02-14
DIS,"Walt Disney Company",110.38,0.78999999999999,+0.72%,109.86,110.51,109.5901,5964500,2025-02-14
DJT,"Trump Media & Technology Group Corp",30.39,-0.28,-0.91%,30.71,30.92,30.03,3246300,2025-02-14
DKNG,"Draftkings Inc",53.49,7.04,+15.16%,48.72,53.61,48.04,48335402,2025-02-14
DKS,"Dick's Sporting Goods Inc",238.36,-4.25,-1.75%,244.25,244.25,235.46,860900,2025-02-14
DLB,"Dolby Laboratories",83.75,-0.53,-0.63%,84.38,85.03,83.47,440200,2025-02-14
DLR,"Digital Realty Trust",164.28,-0.53,-0.32%,164.81,165.66,157.22,4795200,2025-02-14
DLTR,"Dollar Tree Inc",71.56,-0.45,-0.62%,72.61,73.11,71.06,1516000,2025-02-14
DNB,"Dun & Bradstreet Holdings Inc",10.64,-0.05,-0.47%,10.72,10.83,10.63,2749000,2025-02-14
DOC,"Healthpeak Properties Inc",19.59,-0.065,-0.33%,19.69,19.775,19.48,4495700,2025-02-14
DOCS,"Doximity Inc Cl A",77.07,0.079999999999998,+0.10%,77.86,78.97,76.45,2887200,2025-02-14
DOCU,"Docusign Inc",87.34,-1.29,-1.46%,87.82,88,86.38,1247000,2025-02-14
DOV,"Dover Corp",202.33,-0.36,-0.18%,202.75,203.85,201.58,571500,2025-02-14
DOW,"Dow Inc",38.67,0.33,+0.86%,38.83,39.51,38.61,5387600,2025-02-14
DOX,"Amdocs Ltd Ord",88.3,1.07,+1.23%,87.3,88.31,87.27,663500,2025-02-14
DPZ,"Domino's Pizza Inc",476.66,-3.22,-0.67%,480.05,483.95,474.36,508100,2025-02-14
DRI,"Darden Restaurants",191.19,-2.27,-1.17%,194.08,194.08,190.22,1149000,2025-02-14
DT,"Dynatrace Inc",61.3,-1.08,-1.73%,62.33,62.5075,60.92,2887800,2025-02-14
DTE,"Dte Energy Company",129.04,1.23,+0.96%,128.67,130.22,128.34,1891600,2025-02-14
DTM,"Dt Midstream Inc",100.16,-1.3,-1.28%,101.46,101.87,99.74,635500,2025-02-14
DUK,"Duke Energy Corp",111.6,-1.305,-1.16%,113.27,113.95,111.53,3581600,2025-02-14
DUOL,"Duolingo Inc Cl A",432.69,2.37,+0.55%,432,436.98,417.74,724300,2025-02-14
DV,"Doubleverify Holdings Inc",22.57,-0.44,-1.91%,23.05,23.08,22.56,971800,2025-02-14
DVA,"Davita Healthcare Partners Inc",157.42,-19.64,-11.09%,154,159.27,150.11,5111000,2025-02-14
DVN,"Devon Energy Corp",34.64,0.42,+1.23%,34.46,35.2,34.43,9066700,2025-02-14
DXC,"Dxc Technology Company",20.37,-0.21,-1.02%,20.57,20.72,20.21,587800,2025-02-14
DXCM,"Dexcom Inc",89.07,4.98,+5.92%,86.03,89.84,86,7591900,2025-02-14
EA,"Electronic Arts Inc",129.4,-0.42,-0.32%,129.74,130.76,129.04,2319600,2025-02-14
EBAY,"Ebay Inc",69.9,0.64,+0.92%,70,70.03,69.28,3501900,2025-02-14
ECG,"Everus Construction Group Inc",48.14,-1.4,-2.83%,49.41,50.41,47.34,1010300,2025-02-14
ECL,"Ecolab Inc",264.74,-0.73,-0.27%,266.07,267.9999,264.541,991700,2025-02-14
ED,"Consolidated Edison Company",94.92,-0.74,-0.77%,96,96.39,94.89,1948200,2025-02-14
EEFT,"Euronet Worldwide",104.64,0.73,+0.70%,104.48,105.21,101.07,587300,2025-02-14
EFX,"Equifax Inc",249.5,-1.37,-0.55%,251.42,255.16,249.15,943600,2025-02-14
EG,"Everest Re Group",332.69,-2.72,-0.81%,335.15,335.4,331.62,398900,2025-02-14
EGP,"Eastgroup Properties",179.61,-0.81,-0.45%,181.52,183.17,179.49,422900,2025-02-14
EHC,"Encompass Health Corp",100.86,0.72,+0.72%,100.31,101.645,99.03,588600,2025-02-14
EIX,"Edison International",50.06,-1.46,-2.83%,50.7,52.14,50.04,4675700,2025-02-14
EL,"Estee Lauder Companies",68.69,-0.98,-1.41%,70.21,70.96,68.56,3722100,2025-02-14
ELAN,"Elanco Animal Health Inc",11.25,-0.41,-3.52%,11.71,11.77,10.765,7136900,2025-02-14
ELF,"E.L.F. Beauty Inc",73,-1.95,-2.60%,74.99,75.11,71.39,3055300,2025-02-14
ELS,"Equity Lifestyle Properties",65.42,-1.5,-2.24%,67.09,67.555,65.39,783300,2025-02-14
ELV,"Elevance Health Inc",389.25,-2.35,-0.60%,392.04,395.09,388.08,1202200,2025-02-14
EME,"Emcor Group",426.29,-1.26,-0.29%,428.92,428.92,422.2378,303300,2025-02-14
EMN,"Eastman Chemical Company",101.01,-0.57,-0.56%,102.07,102.49,100.95,829300,2025-02-14
EMR,"Emerson Electric Company",123.34,-1.4325,-1.15%,125.27,125.5,123.08,2151900,2025-02-14
ENOV,"Enovis Corp",43.89,0.18,+0.41%,44.19,44.235,43.64,391600,2025-02-14
ENPH,"Enphase Energy Inc",63.94,1.35,+2.16%,63.34,64.2,62.4,2402200,2025-02-14
ENTG,"Entegris Inc",107.12,-1.73,-1.59%,108.76,109.19,106.28,1709600,2025-02-14
EOG,"Eog Resources",129.31,0.28999999999999,+0.22%,129.42,131.94,129.23,2220500,2025-02-14
EPAM,"Epam Systems Inc",266.12,-1.51,-0.56%,267.63,268.01,263.5201,387200,2025-02-14
EPR,"Entertainment Properties Trust",48.26,-0.47,-0.96%,48.93,49.26,48.25,438700,2025-02-14
EQH,"Axa Equitable Holdings Inc",55.34,1.6,+2.98%,53.72,55.78,53.64,4530000,2025-02-14
EQIX,"Equinix Inc",933.6,10.6,+1.15%,923.02,953.41,921.34,523300,2025-02-14
EQR,"Equity Residential",71.23,-0.29,-0.41%,71.9,72.52,71.22,1901200,2025-02-14
EQT,"Eqt Corp",53.43,0.56,+1.06%,52.94,53.82,52.77,5553000,2025-02-14
ES,"Eversource Energy",61.54,-0.96,-1.54%,62.5,63.17,61.46,3268700,2025-02-14
ESAB,"Esab Corp",129.19,0.27000000000001,+0.21%,128.56,129.41,127.545,220900,2025-02-14
ESI,"Element Solutions Inc",26.13,0.039999999999999,+0.15%,26.12,26.37,25.96,1300300,2025-02-14
ESS,"Essex Property Trust",288.37,-3.25,-1.11%,291.86,293.79,287.68,441800,2025-02-14
ESTC,"Elastic N.V.",113.13,-4.46,-3.79%,117.45,118.4599,113.13,1226800,2025-02-14
ETN,"Eaton Corp",309.17,1.36,+0.44%,309.52,311.375,307.5,3175100,2025-02-14
ETR,"Entergy Corp",82.49,-0.76,-0.91%,83.13,84.46,82.45,3916800,2025-02-14
ETSY,"Etsy Inc",57.2,1.88,+3.40%,55.82,58.24,55.82,3997800,2025-02-14
EVR,"Evercore Partners Inc",269.31,1.97,+0.74%,268.24,271.915,267.0501,567700,2025-02-14
EVRG,"Evergy Inc",66.66,-0.23,-0.34%,66.9,67.89,66.57,1706800,2025-02-14
EW,"Edwards Lifesciences Corp",76.19,0.19,+0.25%,76.2,76.73,75.74,3899200,2025-02-14
EWBC,"East West Bancorp",98.57,0.91,+0.93%,98.25,99.47,97.9,635100,2025-02-14
EXAS,"Exact Sciences Cor",49.31,-1.28,-2.53%,50.63,51.6,49.2,2249100,2025-02-14
EXC,"Exelon Corp",42.85,-0.12,-0.28%,42.95,43.15,42.74,8593000,2025-02-14
EXE,"Expand Energy Corporation",105.33,0.3,+0.29%,105.27,106.49,105.03,1781400,2025-02-14
EXEL,"Exelixis Inc",35,0.51,+1.48%,34.37,35.29,34.18,2854900,2025-02-14
EXP,"Eagle Materials Inc",252.42,1.92,+0.77%,252.45,252.67,250,239500,2025-02-14
EXPD,"Expeditors Intl",113.65,0.91000000000001,+0.81%,113.05,113.96,112.33,1635000,2025-02-14
EXPE,"Expedia Group Inc",202.38,-0.82,-0.40%,205,205.05,201.17,1312600,2025-02-14
EXR,"Extra Space Storage Inc",154.92,-1.03,-0.66%,156.55,157.19,154.82,1409700,2025-02-14
F,"Ford Motor Company",9.48,0.13,+1.39%,9.43,9.51,9.39,53778300,2025-02-14
FAF,"First American Corp",63.66,0.66999999999999,+1.06%,63.44,64.22,62.8774,783700,2025-02-14
FANG,"Diamondback Energy",156.99,0.82000000000002,+0.53%,156.88,160.58,153.26,3074000,2025-02-14
FAST,"Fastenal Company",74.78,-0.01,-0.01%,74.85,75.23,74.57,2549200,2025-02-14
FBIN,"Fortune Brands Innovations Inc",68.95,0.60000000000001,+0.88%,69,70.05,68.675,2029300,2025-02-14
FCN,"Fti Consulting",187.61,-3.8,-1.99%,192.44,192.44,187.21,191000,2025-02-14
FCNCA,"First Citizens Bancs",2141.49,34.47,+1.64%,2101.05,2141.49,2100.05,34800,2025-02-14
FCX,"Freeport-Mcmoran Inc",39.47,-0.75,-1.86%,40.53,40.8,39.28,17559100,2025-02-14
FDS,"Factset Research Systems Inc",456.09,-3.3,-0.72%,459.13,462.42,456,190400,2025-02-14
FDX,"Fedex Corp",267.77,4.65,+1.77%,264.39,268.48,264.39,1265200,2025-02-14
FE,"Firstenergy Corp",40,-0.26,-0.65%,40.26,40.62,39.97,3046600,2025-02-14
FERG,"Ferguson Enterprises Inc",184.25,0.74000000000001,+0.40%,185,186.26,183.78,1112300,2025-02-14
FFIV,"F5 Inc",310.18,-0.27,-0.09%,310.45,310.86,308.02,435700,2025-02-14
FHB,"First Hawaiian Inc",27.12,-0.02,-0.07%,27.2,27.57,27.08,485800,2025-02-14
FHN,"First Horizon Corp",22.1,0.11,+0.50%,21.99,22.38,21.99,2806200,2025-02-14
FI,"Fiserv Inc",230.6,0.72999999999999,+0.32%,230.95,232.65,230,2111000,2025-02-14
FICO,"Fair Isaac and Company",1799.1899,-3.6001,-0.20%,1800,1816.4301,1789.4351,99600,2025-02-14
FIS,"Fidelity National Information Services",68.98,-1.55,-2.20%,70.5,70.9,68.68,6282300,2025-02-14
FITB,"Fifth Third Bancorp",44.06,0.48,+1.10%,43.88,44.51,43.75,4676800,2025-02-14
FIVE,"Five Below Inc",88.72,-1.45,-1.61%,91.36,91.47,88.11,1286900,2025-02-14
FIVN,"Five9 Inc",40.12,-1.39,-3.35%,41.34,41.42,39.79,867100,2025-02-14
FIX,"Comfort Systems USA",391.22,-3.83,-0.97%,395.6,397.085,384.42,368500,2025-02-14
FLO,"Flowers Foods",18.51,-0.28,-1.49%,18.87,19.09,18.49,1431800,2025-02-14
FLS,"Flowserve Corp",62.29,-0.44,-0.70%,62.52,62.645,61.8019,1268900,2025-02-14
FMC,"FMC Corp",36.62,-0.09,-0.25%,36.81,37.1,36.5726,1718400,2025-02-14
FNB,"F.N.B. Corp",15.44,0.02,+0.13%,15.48,15.64,15.34,1185800,2025-02-14
FND,"Floor & Decor Holdings Inc",97.6,-0.28,-0.29%,99.87,102.49,97.26,1726100,2025-02-14
FNF,"Fidelity National Financial",57.95,0.25,+0.43%,58,58.425,57.66,852800,2025-02-14
FOUR,"Shift4 Payments Inc",121.28,1.89,+1.58%,119.93,121.34,117.86,1094700,2025-02-14
FOX,"Fox Corp Cl B",52.39,0.22,+0.42%,52.3,52.51,51.8,946000,2025-02-14
FOXA,"Fox Corp Cl A",55.63,0.18,+0.32%,55.82,55.86,55.14,3521200,2025-02-14
FR,"First Industrial Realty Trust",55.61,-0.24,-0.43%,56,56.44,55.56,504200,2025-02-14
FRPT,"Freshpet Inc CS",129.61,-1.68,-1.28%,132.09,133.54,126.88,633900,2025-02-14
FRT,"Federal Realty Investment Trust",105.03,-6.79,-6.07%,111.5,111.5,104.74,1771900,2025-02-14
FSLR,"First Solar Inc",159.76,-0.58,-0.36%,161.2,163.71,159.33,1406200,2025-02-14
FTI,"Technipfmc Plc",30.36,0.079999999999998,+0.26%,30.25,30.48,30.12,4087900,2025-02-14
FTNT,"Fortinet Inc",111.64,1.66,+1.51%,110.27,112.37,108.72,4981000,2025-02-14
FTRE,"Fortrea Holdings Inc",14.97,-0.01,-0.07%,15.18,15.55,14.94,633700,2025-02-14
FTV,"Fortive Corp",80.6,-1.07,-1.31%,82,82.28,80.52,2713400,2025-02-14
FWONA,"Liberty Media Formula One Sr A",92.15,-2.39,-2.53%,95.33,95.33,91,202300,2025-02-14
FWONK,"Liberty Media Formula One Sr C",98.5,-3.7,-3.62%,102.18,102.18,97.83,2319700,2025-02-14
FYBR,"Frontier Communications Parent Inc",35.73,-0.01,-0.03%,35.74,35.8,35.72,2309900,2025-02-14
G,"Genpact Ltd",55.05,-0.49,-0.88%,55.34,55.5499,54.69,1599200,2025-02-14
GAP,"Gap Inc",22.78,-0.26,-1.13%,23.13,23.185,22.58,4458600,2025-02-14
GD,"General Dynamics Corp",241.94,-4.22,-1.71%,245.75,247.05,239.87,2765000,2025-02-14
GDDY,"Godaddy Inc",182.19,-30.35,-14.28%,194.75,195.7,181.72,4396800,2025-02-14
GE,"GE Aerospace",208.27,-0.09,-0.04%,208.66,209.16,204.97,4268400,2025-02-14
GEHC,"GE Healthcare Technologies Inc",92.21,-1.27,-1.36%,93.2,93.21,91.18,3946600,2025-02-14
GEN,"Gen Digital Inc",27.72,-0.18,-0.65%,28.05,28.08,27.67,2584300,2025-02-14
GEV,"GE Vernova Inc",367.59,-2.72,-0.73%,369.28,369.28,357,2238800,2025-02-14
GFS,"Globalfoundries Inc",43.16,0.34,+0.79%,43.5,44.25,43.03,2212600,2025-02-14
GGG,"Graco Inc",85.8,-0.26,-0.30%,86.34,86.9712,85.56,601200,2025-02-14
GILD,"Gilead Sciences Inc",104.08,-1.88,-1.77%,105.8,106.69,103.92,6400400,2025-02-14
GIS,"General Mills",58.84,-0.7,-1.18%,59.72,60.52,58.82,4690500,2025-02-14
GL,"Globe Life Inc",121.84,-1.7,-1.38%,123.49,124.0112,121.7,526000,2025-02-14
GLOB,"Globant S.A.",224.46,-4.27,-1.87%,227.64,228.3997,220.7131,473200,2025-02-14
GLPI,"Gaming & Leisure",48.61,-0.69,-1.40%,49.32,49.95,48.54,1105200,2025-02-14
GLW,"Corning Inc",52.54,0.43,+0.83%,52.15,52.85,51.81,3779900,2025-02-14
GM,"General Motors Company",48.37,0.48,+1.00%,48.39,48.68,47.92,5630000,2025-02-14
GME,"Gamestop Corp",27,0.66,+2.51%,28.9,28.97,26.9,12142600,2025-02-14
GMED,"Globus Medical Inc",83.93,-0.2,-0.24%,84.42,84.84,83.87,671700,2025-02-14
GNRC,"Generac Holdings Inc",146.85,0.019999999999982,+0.01%,148.66,148.66,144.62,1028900,2025-02-14
GNTX,"Gentex Corp",24.48,0.12,+0.49%,24.65,24.8,24.39,1598400,2025-02-14
GO,"Grocery Outlet Holding Corp",16.68,-0.59,-3.42%,17.37,17.48,16.66,1493700,2025-02-14
GOOG,"Alphabet Cl C",186.87,-1.01,-0.54%,186.83,188.15,186.11,12714101,2025-02-14
GOOGL,"Alphabet Cl A",185.23,-0.91,-0.49%,185.05,186.4,184.32,20448398,2025-02-14
GPC,"Genuine Parts Company",124.9,0.22,+0.18%,125.38,126.685,124.13,1974000,2025-02-14
GPK,"Graphic Packaging Holding Company",26.69,0.09,+0.34%,26.75,26.925,26.61,1485400,2025-02-14
GPN,"Global Payments Inc",105.63,1.5,+1.44%,105.28,107,104.71,1975800,2025-02-14
GRAL,"Grail Inc",55.02,2.44,+4.64%,50.3,55.32,48.9,3159400,2025-02-14
GRMN,"Garmin Ltd",212.62,2.39,+1.14%,211.12,213.73,209.32,892100,2025-02-14
GS,"Goldman Sachs Group",660.55,11.6,+1.79%,650.32,663.2599,650.32,2246200,2025-02-14
GTES,"Gates Industrial Corp Plc",22.65,0.47,+2.12%,22.4,22.695,22.155,1726400,2025-02-14
GTLB,"Gitlab Inc Cl A",67.83,-2.73,-3.87%,71.18,71.57,66.62,3043700,2025-02-14
GWRE,"Guidewire Software Inc",212.15,-4.49,-2.07%,215.78,216.48,211.99,880100,2025-02-14
GWW,"W.W. Grainger",1027.73,-0.1,-0.01%,1028.26,1036.38,1021.54,299200,2025-02-14
GXO,"Gxo Logistics Inc",39.41,3.1,+8.54%,36.85,40.28,36.85,4534500,2025-02-14
H,"Hyatt Hotels Corp",142.75,-4.63,-3.14%,147.05,147.55,142.74,1575500,2025-02-14
HAL,"Halliburton Company",26.16,-0.12,-0.46%,26.49,26.78,26.14,8293000,2025-02-14
HAS,"Hasbro Inc",60.82,0.57,+0.95%,60.08,60.97,60.08,1170100,2025-02-14
HAYW,"Hayward Holdings Inc",14.5,0.33,+2.33%,14.2,14.54,14.19,1724800,2025-02-14
HBAN,"Huntington Bancshares Inc",16.73,0.12,+0.72%,16.69,16.89,16.67,15881800,2025-02-14
HCA,"Hca Holdings Inc",316.21,-5.71,-1.77%,322,325.81,315.94,1451500,2025-02-14
HCP,"Hashicorp Inc Cl A",34.39,0.03,+0.09%,34.19,34.42,34.19,3159200,2025-02-14
HD,"Home Depot",409.5,-2.93,-0.71%,415,417.9999,408.5551,3004300,2025-02-14
HEI,"Heico Corp",220.85,-3.83,-1.70%,225,225.4283,217.56,714000,2025-02-14
HEI.A,"Heico Corp Cl A",177.68,-3.44,-1.90%,181.65,181.65,175.46,207900,2025-02-14
HES,"Hess Corp",146.55,0.70000000000002,+0.48%,146.5,149.17,146.04,1650400,2025-02-14
HHH,"Howard Hughes Holdings Inc",75.49,0.44999999999999,+0.60%,75.1,75.74,75.021,168700,2025-02-14
HIG,"Hartford Financial Services Group",111.98,-0.3,-0.27%,112.2,112.75,111.86,1848500,2025-02-14
HII,"Huntington Ingalls Industries",161.27,0.45000000000002,+0.28%,161.98,163.385,159.41,848300,2025-02-14
HIW,"Highwoods Properties",29.18,-0.08,-0.27%,29.33,29.72,29.18,1169800,2025-02-14
HLI,"Houlihan Lokey",178.27,-0.21,-0.12%,178.68,179.81,177.5,356400,2025-02-14
HLT,"Hilton Inc",265.87,-3.65,-1.35%,270.78,271,264.71,1699200,2025-02-14
HOG,"Harley-Davidson Inc",25.75,-0.14,-0.54%,26.15,26.38,25.64,1784500,2025-02-14
HOLX,"Hologic Inc",63.24,-0.38,-0.60%,63.92,64.3,62.94,2320000,2025-02-14
HON,"Honeywell International Inc",202.75,-2.52,-1.23%,204.82,205.14,201.54,5351400,2025-02-14
HOOD,"Robinhood Markets Inc Cl A",65.28,1.48,+2.32%,63.31,66.08,61.72,39353301,2025-02-14
HPE,"Hewlett Packard Enterprise Comp",21.71,0.43,+2.02%,21.29,21.77,21.18,9807600,2025-02-14
HPQ,"HP Inc",33.64,0.34,+1.02%,33.38,33.81,33.34,4183300,2025-02-14
HR,"Healthcare Realty Trust Inc.",16.49,-0.07,-0.42%,16.65,16.74,16.485,1869200,2025-02-14
HRB,"H&R Block",52.6,0.27,+0.52%,52.45,53.1889,52.385,1219300,2025-02-14
HRL,"Hormel Foods Corp",28.46,-0.08,-0.28%,28.67,28.85,28.37,2791100,2025-02-14
HSIC,"Henry Schein Inc",76,-1.62,-2.09%,77.51,77.52,75.89,1455200,2025-02-14
HST,"Host Marriott Financial Trust",16.39,-0.03,-0.18%,16.5,16.64,16.31,4884900,2025-02-14
HSY,"Hershey Foods Corp",157.88,-1.56,-0.98%,160,160.875,157.75,1450500,2025-02-14
HUBB,"Hubbell Inc B",390.14,-3.09,-0.79%,395.04,397.03,389.29,655500,2025-02-14
HUBS,"Hubspot Inc",811.95,-7.76,-0.95%,818.1,820,785.22,542800,2025-02-14
HUM,"Humana Inc",253.83,0.95000000000002,+0.38%,254,258.31,249.88,2386500,2025-02-14
HUN,"Huntsman Corp",16.99,0.009999999999998,+0.06%,17.32,17.455,16.87,4397600,2025-02-14
HWM,"Howmet Aerospace Inc",133.42,5.34,+4.17%,128.87,133.92,126.89,4278500,2025-02-14
HXL,"Hexcel Corp",65.47,1.28,+1.99%,64.45,65.85,64,979400,2025-02-14
IAC,"Iac Inc",47.02,-0.95,-1.98%,48.21,48.5,46.88,2032700,2025-02-14
IBKR,"Interactive Brokers",234.12,-0.73,-0.31%,234.24,236.53,228.42,1673400,2025-02-14
IBM,"International Business Machines",261.28,2.09,+0.81%,259,261.94,257.91,3925200,2025-02-14
ICE,"Intercontinental Exchange",166.71,-1.86,-1.10%,169.78,169.78,166.68,1776100,2025-02-14
IDA,"Idacorp Inc",109.78,-1.74,-1.56%,111.82,112.305,109.55,219100,2025-02-14
IDXX,"Idexx Laboratories",444.53,-15.23,-3.31%,463.63,463.63,444.37,553700,2025-02-14
IEX,"Idex Corp",195.21,2.18,+1.13%,194.05,197.99,193.69,644000,2025-02-14
IFF,"International Flavors & Fragrances",85.58,-0.42,-0.49%,86,86.96,85.51,1081500,2025-02-14
ILMN,"Illumina Inc",100.24,-1.54,-1.51%,102.17,103.69,99.96,3142000,2025-02-14
INCY,"Incyte Corp",70.42,0.41,+0.59%,70.65,71.79,69.73,1882000,2025-02-14
INFA,"Informatica Inc Cl A",19.75,-5.42,-21.53%,16.67,19.9,16.37,27949900,2025-02-14
INGM,"Ingram Micro Holding Corp",23.65,0.35,+1.50%,23.34,23.65,22.9,130600,2025-02-14
INGR,"Ingredion Inc",126.8,-1.45,-1.13%,128.24,128.82,126.12,506500,2025-02-14
INSP,"Inspire Medical Systems Inc",185.61,-1.54,-0.82%,188.02,189.14,183.635,681000,2025-02-14
INTC,"Intel Corp",23.6,-0.53,-2.20%,24.36,25.19,22.86,230254094,2025-02-14
INTU,"Intuit Inc",587.38,3.48,+0.60%,584.69,591.39,580.09,1349100,2025-02-14
INVH,"Invitation Homes Inc",31.43,-0.4,-1.26%,31.96,32.1,31.42,2332300,2025-02-14
IONS,"Ionis Pharmaceuticals",31.04,0.69,+2.27%,30.49,31.6,30.37,1445700,2025-02-14
IP,"International Paper Company",56.12,0.68,+1.23%,55.83,56.55,55.56,7666200,2025-02-14
IPG,"Interpublic Group of Companies",27.05,0.09,+0.33%,27.13,27.28,26.87,5974600,2025-02-14
IPGP,"Ipg Photonics Corp",63.53,0.65,+1.03%,63.27,63.62,62.66,271300,2025-02-14
IQV,"Iqvia Holdings Inc",193.44,-2.61,-1.33%,198.26,200.275,193.31,1527600,2025-02-14
IR,"Ingersoll Rand Inc",85.72,-6.83,-7.38%,88,89.22,85.57,7442400,2025-02-14
IRDM,"Iridium Comm Inc",31.63,-0.36,-1.13%,32.31,33.18,31.52,1924100,2025-02-14
IRM,"Iron Mountain Inc",95.41,0.16,+0.17%,95,96.96,93.95,2521300,2025-02-14
ISRG,"Intuitive Surg Inc",595.55,4.16,+0.70%,593.16,599.26,588.52,1189100,2025-02-14
IT,"Gartner Inc",514.67,-2.5,-0.48%,516.38,519.37,512.97,353800,2025-02-14
ITCI,"Intra-Cellular Ther",127.82,-0.24,-0.19%,127.95,128.19,127.8,1382000,2025-02-14
ITT,"ITT Inc",147.58,-0.37,-0.25%,148.69,149.17,146.77,331900,2025-02-14
ITW,"Illinois Tool Works Inc",258.11,-1.98,-0.76%,260.45,261.2175,257.67,1013700,2025-02-14
IVZ,"Invesco Plc",18.5,0.285,+1.56%,18.38,18.59,18.22,3145100,2025-02-14
J,"Jacobs Engineering Group Inc",128.88,-1.47,-1.13%,130.77,130.78,128.38,830700,2025-02-14
JAZZ,"Jazz Pharma Plc",133.96,-2.86,-2.09%,137.14,137.92,133.25,845100,2025-02-14
JBHT,"J B Hunt Transport",169.98,4.52,+2.73%,165.41,170.85,165.41,860300,2025-02-14
JBL,"Jabil Circuit",169.65,0.98000000000002,+0.58%,169.41,170.1799,168.3278,604600,2025-02-14
JCI,"Johnson Controls Intl",89.77,1.22,+1.38%,88.6,89.86,88.37,2800400,2025-02-14
JEF,"Jefferies Financial Group Inc",71.48,0.98,+1.39%,70.8,72.2,70.19,1110300,2025-02-14
JHG,"Janus Henderson Group Plc",44.08,0.33,+0.75%,43.81,44.28,43.77,552300,2025-02-14
JKHY,"Jack Henry & Assoc",166.47,-4.,-2.35%,170.17,171.25,166.25,615000,2025-02-14
JLL,"Jones Lang Lasalle Inc",282.69,3.36,+1.20%,279.57,286,279.57,271500,2025-02-14
JNJ,"Johnson & Johnson",156.15,-1.1,-0.70%,157.29,157.47,156.06,6411800,2025-02-14
JNPR,"Juniper Networks",36.55,0.20999999999999,+0.58%,36.48,36.77,36.38,3142100,2025-02-14
JPM,"JP Morgan Chase & Company",276.59,0.26999999999998,+0.10%,277.37,279.2334,276.45,5688600,2025-02-14
JWN,Nordstrom,24.33,0.02,+0.08%,24.33,24.34,24.3,845400,2025-02-14
K,Kellanova,82.26,0.050000000000011,+0.06%,82.23,82.41,82.18,2982300,2025-02-14
KBR,"KBR Inc",51.98,-0.47,-0.90%,52.6,53.14,51.32,1556600,2025-02-14
KD,"Kyndryl Hldgs Inc",41.79,0.25,+0.60%,41.43,41.86,41.25,1141200,2025-02-14
KDP,"Keurig Dr Pepper Inc",31.65,-0.22,-0.69%,31.89,32.2,31.62,9638300,2025-02-14
KEX,"Kirby Corp",108.41,0.83,+0.77%,107.92,108.98,107.42,455000,2025-02-14
KEY,Keycorp,17.72,0.24,+1.37%,17.55,17.85,17.5307,8284000,2025-02-14
KEYS,"Keysight Technologies Inc",183.46,4.16,+2.32%,179.3,184.35,178.97,1337400,2025-02-14
KHC,"Kraft Heinz Company",28.92,-0.33,-1.13%,29.22,29.59,28.84,9272300,2025-02-14
KIM,"Kimco Realty Corp",21.8,-0.64,-2.85%,22.57,22.63,21.8,5258300,2025-02-14
KKR,"KKR & Company LP",140.56,1.435,+1.03%,139.61,141.79,138.54,2196800,2025-02-14
KLAC,"K L A-Tencor Corp",750.74,-13.54,-1.77%,760.17,769.52,739.02,998500,2025-02-14
KMB,"Kimberly-Clark Corp",132.67,-2.69,-1.99%,134.96,135.02,132.62,1976400,2025-02-14
KMI,"Kinder Morgan",26.55,-0.01,-0.04%,26.65,26.96,26.54,12565300,2025-02-14
KMPR,"Kemper Corp",67.51,-0.43,-0.63%,68.11,68.23,67.26,326800,2025-02-14
KMX,"Carmax Inc",88.9,1.3,+1.48%,88.17,89.24,87.85,1671100,2025-02-14
KNSL,"Kinsale Capital Group Inc",449.34,-37.77,-7.75%,459.46,461.425,434,821700,2025-02-14
KNX,"Knight-Swift Transporation Inc",54.17,-0.29,-0.53%,54.68,54.92,53.92,2401400,2025-02-14
KO,"Coca-Cola Company",68.87,-0.63,-0.91%,69.36,70.03,68.76,20779000,2025-02-14
KR,"Kroger Company",65.13,-0.18,-0.28%,65.3,65.735,65.12,3856700,2025-02-14
KRC,"Kilroy Realty Corp",34.91,-0.49,-1.38%,35.7,36.2,34.76,1493200,2025-02-14
KSS,"Kohl's Corp",11.72,-0.14,-1.18%,11.95,12.1099,11.7,6862100,2025-02-14
KVUE,"Kenvue Inc",21.93,0.48,+2.24%,21.47,22.14,21.355,27015800,2025-02-14
L,"Loews Corp",83.01,-1.11,-1.32%,84.06,84.83,82.87,736500,2025-02-14
LAD,"Lithia Motors",379.62,-5.07,-1.32%,388.36,388.36,378.97,326200,2025-02-14
LAMR,"Lamar Advertis A",130.04,1.55,+1.21%,129,130.99,128.93,449600,2025-02-14
LAZ,"Lazard Inc",55.24,1.27,+2.35%,54.18,55.45,53.95,730300,2025-02-14
LBRDA,"Liberty Broadband Corp Sr A",80.76,0.38,+0.47%,80.38,81.03,80.25,45600,2025-02-14
LBRDK,"Liberty Broadband Corp Sr C",81.58,0.52,+0.64%,81.71,81.75,80.86,318700,2025-02-14
LBTYA,"Liberty Global Ltd Ord A",11.03,0.08,+0.73%,11.03,11.05,10.87,2946100,2025-02-14
LBTYK,"Liberty Global Ltd Ord C",11.31,0.03,+0.27%,11.33,11.34,11.21,1152400,2025-02-14
LCID,"Lucid Group Inc",3.31,0.05,+1.53%,3.3,3.42,3.27,80558602,2025-02-14
LDOS,"Leidos Holdings Inc",132.26,1.61,+1.23%,131.43,133.6,130.57,1752300,2025-02-14
LEA,"Lear Corp",96.37,0.050000000000011,+0.05%,97.41,98.91,96.15,502600,2025-02-14
LECO,"Lincoln Elec Holdings",213.82,0.01,0.00%,215.51,216.62,212.32,595300,2025-02-14
LEG,"Leggett & Platt Inc",10.45,0.45,+4.50%,10.77,11.4685,10.395,3429400,2025-02-14
LEN,"Lennar Corp",123.84,0.090000000000003,+0.07%,124.43,126.75,123.58,1970500,2025-02-14
LEN.B,"Lennar Corp Cl B",120.29,0.010000000000005,+0.01%,121.77,123.3,119.8,62200,2025-02-14
LFUS,"Littelfuse Inc",246.87,-0.75,-0.30%,248.8,251.34,245.62,171100,2025-02-14
LH,"Laboratory Corp of America Holdings",246.49,1.62,+0.66%,245.14,248.6,244.84,565900,2025-02-14
LHX,"L3Harris Technologies Inc",197.61,-2.39,-1.19%,200,201.17,196.67,1565400,2025-02-14
LII,"Lennox International",622.2,2.25,+0.36%,620,623.34,612.61,369900,2025-02-14
LIN,"Linde Plc",457,-4.05,-0.88%,461.05,464.1,456.7,1705900,2025-02-14
LINE,"Lineage Inc",56.37,0.15,+0.27%,56.63,57.52,56.05,780500,2025-02-14
LITE,"Lumentum Holdings",77.68,-0.45,-0.58%,77.5,79.14,75.52,1783000,2025-02-14
LKQ,"LKQ Corp",39.11,0.51,+1.32%,38.99,39.18,38.73,1498800,2025-02-14
LLY,"Eli Lilly and Company",844.27,-26.09,-3.00%,869.1,873.4999,841.49,3222300,2025-02-14
LLYVA,"Liberty Live Series A",79.08,0.82,+1.05%,78.89,79.31,77.62,60700,2025-02-14
LLYVK,"Liberty Live Series C",80.35,0.74,+0.93%,79.61,80.44,79.04,128100,2025-02-14
LMT,"Lockheed Martin Corp",423.19,-11.53,-2.65%,433.55,435.16,419.7,3252800,2025-02-14
LNC,"Lincoln National Corp",39.09,-0.14,-0.36%,39.42,39.85,38.941,1802300,2025-02-14
LNG,"Cheniere Energy",213.52,3.53,+1.68%,210.34,216.65,209.96,2744200,2025-02-14
LNT,"Alliant Energy Corp",61.33,0.23,+0.38%,61.31,62.08,61.12,2146300,2025-02-14
LNW,"Light & Wonder Inc",97.02,-0.79,-0.81%,98.4,98.4,96.48,687000,2025-02-14
LOAR,"Loar Holdings Inc",68.14,-1.72,-2.46%,69.98,70.27,65.6938,763800,2025-02-14
LOPE,"Grand Canyon Educati",183.7,0.75999999999999,+0.42%,183.22,185.52,183.22,150300,2025-02-14
LOW,"Lowe's Companies",251.79,-0.87,-0.34%,254.5,256.42,251.25,1805800,2025-02-14
LPLA,"Lpl Financial Holdings",373.98,1.64,+0.44%,374.41,376.11,369.55,581900,2025-02-14
LPX,"Louisiana-Pacific Corp",112.36,0.090000000000003,+0.08%,112.5,113.9676,111.01,427700,2025-02-14
LRCX,"Lam Research Corp",82.75,-0.55,-0.66%,82.65,83.61,81.72,9149500,2025-02-14
LSCC,"Lattice Semicond",64.42,1.03,+1.62%,63.5,64.47,62.54,1774000,2025-02-14
LSTR,"Landstar System",161.8,2.01,+1.26%,160.82,162.85,160.65,260200,2025-02-14
LULU,"Lululemon Athletica",366.68,-24.17,-6.18%,393.52,393.54,365.62,3310300,2025-02-14
LUV,"Southwest Airlines Company",30.28,0.35,+1.17%,30.09,30.335,29.81,7018500,2025-02-14
LVS,"Las Vegas Sands",43.37,1.16,+2.75%,42.75,43.55,42.52,5918000,2025-02-14
LW,"Lamb Weston Holdings Inc",58.46,1.19,+2.08%,57.96,59.13,57.5,2019000,2025-02-14
LYB,"Lyondellbasell Industries NV",76.7,0.46000000000001,+0.60%,77.05,78.23,76.67,1481200,2025-02-14
LYFT,"Lyft Inc Cl A",13.43,-0.04,-0.30%,13.45,13.54,13.05,22337500,2025-02-14
LYV,"Live Nation Entertainment",153.76,1.18,+0.77%,152.2,153.94,152.05,1461300,2025-02-14
M,"Macy's Inc",15.04,-0.07,-0.46%,15.15,15.2905,14.89,4206200,2025-02-14
MA,"Mastercard Inc",564.76,-1.55,-0.27%,566.01,569.24,564.13,1927700,2025-02-14
MAA,"Mid-America Apartment Communities",157,0.0099999999999909,+0.01%,158,158.93,156.95,688400,2025-02-14
MAN,"Manpower Inc",55.24,0.050000000000004,+0.09%,55.63,56.0534,55.035,547200,2025-02-14
MANH,"Manhattan Assoc",190.41,2.83,+1.51%,187.59,192.29,186.71,857800,2025-02-14
MAR,"Marriot Int Cl A",283.52,-4.72,-1.64%,290.28,290.56,283.08,1660200,2025-02-14
MAS,"Masco Corp",78.39,0.77,+0.99%,77.93,79.16,77.93,1292900,2025-02-14
MASI,"Masimo Corp",181.31,1.72,+0.96%,180.53,181.54,179.57,498300,2025-02-14
MAT,"Mattel Inc",21.94,0.02,+0.09%,21.93,22.07,21.88,3730900,2025-02-14
MCD,"McDonald's Corp",308.55,-1.47,-0.47%,310.2,311,307.78,2674300,2025-02-14
MCHP,"Microchip Technology",55.76,1.5,+2.76%,54.45,55.9,54.22,7123700,2025-02-14
MCK,"Mckesson Corp",593.69,-8.78,-1.46%,600.66,602.78,593.27,499300,2025-02-14
MCO,"Moody's Corp",522.84,-4.64,-0.88%,530.08,531.93,522.35,779800,2025-02-14
MDB,"Mongodb Inc Cl A",289.63,-3.34,-1.14%,291,292.05,283.34,1248700,2025-02-14
MDLZ,"Mondelez Intl Inc",60.82,-0.34,-0.56%,61.22,62.19,60.63,10040800,2025-02-14
MDT,"Medtronic Inc",92.81,0.61,+0.66%,92.42,93.05,91.86,10855400,2025-02-14
MDU,"Mdu Res Group Inc",16.77,-0.12,-0.71%,16.89,17.025,16.75,1497000,2025-02-14
MEDP,"Medpace Holdings Inc",340.17,-2.24,-0.65%,342.74,344.99,338.18,299000,2025-02-14
MET,"Metlife Inc",81.7,-0.64,-0.78%,82.55,83.52,81.6,4290100,2025-02-14
META,"Meta Platforms Inc",736.67,8.11,+1.11%,726.14,740.91,725.62,16901199,2025-02-14
MGM,"MGM Resorts International",39.81,-0.56,-1.39%,41.21,41.32,39.72,6452000,2025-02-14
MHK,"Mohawk Industries",121.01,1.32,+1.10%,120.72,123.645,120.47,779100,2025-02-14
MIDD,"Middleby Corp",168.33,1.33,+0.80%,167,170.5,166.54,636800,2025-02-14
MKC,"Mccormick & Company",76.96,-0.55,-0.71%,77.72,78.5,76.94,1334000,2025-02-14
MKL,"Markel Corp",1868.01,-28.9299,-1.53%,1891.28,1902.845,1864.35,66800,2025-02-14
MKSI,"Mks Instruments Inc",103.67,-0.17,-0.16%,103.3,105.29,102.4,915700,2025-02-14
MKTX,"Marketaxess Holdings",193.49,2.07,+1.08%,192.63,195.47,191.95,642700,2025-02-14
MLM,"Martin Marietta Materials",527.38,-4.28,-0.81%,535.38,535.38,525.43,687800,2025-02-14
MMC,"Marsh & Mclennan Companies",228.83,-2.27,-0.98%,231.6,231.81,228.77,1691900,2025-02-14
MMM,"3M Company",148.62,0.63,+0.43%,147.89,149.55,147.74,2388300,2025-02-14
MNST,"Monster Beverage Corp",49.25,-0.27,-0.55%,49.83,50.34,49.22,6107100,2025-02-14
MO,"Altria Group",53.29,-0.33,-0.62%,53.57,53.85,53.28,4564900,2025-02-14
MOH,"Molina Healthcare Inc",272.28,1.61,+0.59%,271.75,275.33,269.99,640900,2025-02-14
MORN,"Morningstar Inc",325.02,-3.78,-1.15%,329.02,330.55,324.58,87600,2025-02-14
MOS,"Mosaic Company",26.51,0.080000000000002,+0.30%,26.6,26.78,26.38,3089400,2025-02-14
MP,"MP Materials Corp",23.72,-0.66,-2.71%,24.68,24.6899,23.5146,1741800,2025-02-14
MPC,"Marathon Petroleum Corp",156.06,1.97,+1.28%,154.57,158.45,154.57,2411800,2025-02-14
MPW,"Medical Properties Trust",4.95,0.11,+2.27%,4.86,4.953,4.84,6390700,2025-02-14
MPWR,"Monolithic Power Sys",684.93,-15.06,-2.15%,692.95,698.37,681.14,625200,2025-02-14
MRK,"Merck & Company",83.01,-1.41,-1.67%,84.42,84.78,82.0939,26778900,2025-02-14
MRNA,"Moderna Inc",32.99,1.07,+3.35%,30.53,33.91,29.25,25327201,2025-02-14
MRVL,"Marvell Technology Inc",106.51,3.01,+2.91%,102.97,107.02,100.22,13539801,2025-02-14
MS,"Morgan Stanley",138.95,2.11,+1.54%,136.45,139.58,136.45,5044700,2025-02-14
MSA,"Msa Safety Inc",158.25,-4.52,-2.78%,163.13,164.4,156.9,148400,2025-02-14
MSCI,"MSCI Inc",572.63,2.13,+0.37%,573.86,578.865,571.44,453800,2025-02-14
MSFT,"Microsoft Corp",408.43,-2.11,-0.51%,407.79,408.91,405.88,22758400,2025-02-14
MSGS,"Madison Square Garden Sports Corp",211.67,0.67999999999998,+0.32%,210.82,212,209.29,77800,2025-02-14
MSI,"Motorola Solutions",438.14,-27.91,-5.99%,471.05,472.58,436.83,1545100,2025-02-14
MSM,"Msc Industrial Direct Company",81.45,-0.53,-0.65%,82.31,83,80.49,480900,2025-02-14
MSTR,"Strategy Inc",337.73,12.81,+3.94%,325.15,344.89,323.71,13912700,2025-02-14
MTB,"M&T Bank Corp",198.82,1.68,+0.85%,198,199.81,197.6,1197200,2025-02-14
MTCH,"Match Group Inc",34.69,0.68,+2.00%,34.32,34.9,34.22,4674700,2025-02-14
MTD,"Mettler-Toledo International",1271.91,-25.23,-1.95%,1302.14,1314.4,1268.59,121000,2025-02-14
MTDR,"Matador Resources Company",57.19,0.07,+0.12%,57.4,58.79,56.95,1055900,2025-02-14
MTG,"Mgic Investment Corp",24.69,0.16,+0.65%,24.5,24.805,24.39,2342100,2025-02-14
MTN,"Vail Resorts",164.93,-1.14,-0.69%,167.2,168.45,164.65,398400,2025-02-14
MTSI,"Macom Technology S",123.12,1.03,+0.84%,121.87,124.46,119.29,773800,2025-02-14
MTZ,"Mastec Inc",135.78,-1.17,-0.85%,137.71,137.71,133.4,657100,2025-02-14
MU,"Micron Technology",99.52,3.86,+4.04%,98.41,100.7,98,21284500,2025-02-14
MUSA,"Murphy USA Inc",486.89,-5.82,-1.18%,494.48,497.985,485.06,220200,2025-02-14
NBIX,"Neurocrine Bioscienc",115.02,-1.85,-1.58%,116.87,116.97,113.79,1479800,2025-02-14
NCLH,"Norwegian Cruise Ord",26.38,0.050000000000001,+0.19%,26.34,26.4451,25.91,5563300,2025-02-14
NCNO,"Ncino Inc",34.25,-0.15,-0.44%,34.5,34.55,34.08,1107400,2025-02-14
NDAQ,"Nasdaq Inc",80.91,-0.78,-0.95%,81.84,82.21,80.87,2012000,2025-02-14
NDSN,"Nordson Corp",216.42,-0.86,-0.40%,218.77,220.81,216.06,299600,2025-02-14
NEE,"Nextera Energy",68.06,-0.54,-0.79%,68.6,69.02,67.88,14184600,2025-02-14
NEM,"Newmont Mining Corp",46.54,-1.21,-2.53%,47.79,47.91,46.54,9890700,2025-02-14
NET,"Cloudflare Inc Cl A",171.16,-5.34,-3.03%,175.5,177.3677,170.92,3558500,2025-02-14
NEU,"Newmarket Corp",542.44,-5.04,-0.92%,545.99,551.36,541.62,40100,2025-02-14
NFE,"New Fortress Energy Llc",12.15,0.32,+2.70%,11.93,12.57,11.93,3067900,2025-02-14
NFG,"National Fuel Gas Company",72.2,-0.01,-0.01%,72.48,72.75,71.94,458200,2025-02-14
NFLX,"Netflix Inc",1058.6,14.91,+1.43%,1044.95,1064.5,1041.69,3145400,2025-02-14
NI,"NiSource Inc",39.68,0.079999999999998,+0.20%,39.63,39.99,39.54,5293800,2025-02-14
NKE,"Nike Inc",73.04,-0.17,-0.23%,73.17,73.5,72.34,9254300,2025-02-14
NLY,"Annaly Capital Management Inc",21.23,0.3,+1.43%,20.98,21.29,20.98,8177200,2025-02-14
NNN,"NNN REIT Inc",40.44,-0.37,-0.91%,40.7,40.97,40.26,1550000,2025-02-14
NOC,"Northrop Grumman Corp",438.9,-16.16,-3.55%,453.74,453.995,434.15,2036100,2025-02-14
NOV,"Nov Inc",15.54,-0.39,-2.45%,16.04,16.295,15.48,5138400,2025-02-14
NOW,"Servicenow Inc",986.63,-2.85,-0.29%,979.1,989,966.6,1503400,2025-02-14
NRG,"NRG Energy",107.6,1.35,+1.27%,106.24,108.77,104.11,1661800,2025-02-14
NSA,"National Storage Affiliates Tru",37.38,-0.44,-1.16%,38.07,38.57,37.34,481800,2025-02-14
NSC,"Norfolk Southern Corp",255.99,-1.23,-0.48%,257.95,259.9,255.51,908900,2025-02-14
NTAP,"Netapp Inc",119.06,1.33,+1.13%,117.85,119.17,117.77,1036100,2025-02-14
NTNX,"Nutanix Inc",70.47,-0.34,-0.48%,70.39,70.57,69.31,1694900,2025-02-14
NTRA,"Natera Inc",173.39,2.66,+1.56%,171.52,175.83,168.15,1572200,2025-02-14
NTRS,"Northern Trust Corp",110.77,-0.73,-0.65%,111.67,112.61,110.43,1440500,2025-02-14
NU,"Nu Holdings Ltd Cl A",13.7,-0.09,-0.65%,13.9,14.06,13.62,49887100,2025-02-14
NUE,"Nucor Corp",137.77,2.22,+1.64%,136.22,137.93,135.2829,2108900,2025-02-14
NVDA,"Nvidia Corp",138.85,3.56,+2.63%,136.48,139.25,135.5,195479516,2025-02-14
NVR,"NVR Inc",7365.7202,24.2402,+0.33%,7385,7450,7336.5498,21300,2025-02-14
NVST,"Envista Holdings Corp",21.62,0.11,+0.51%,21.58,21.71,21.44,957200,2025-02-14
NVT,"Nvent Electric Plc",68.33,0.98999999999999,+1.47%,67.81,68.78,67.01,1800100,2025-02-14
NWL,"Newell Rubbermaid Inc",7.05,0.04,+0.64%,7,7.14,6.99,6666100,2025-02-14
NWS,"News Corp Cl B",34.86,0.56,+1.63%,34.53,34.93,34.27,721100,2025-02-14
NWSA,"News Corp Cl A",30.21,0.7,+2.37%,29.66,30.25,29.63,2641000,2025-02-14
NXST,"Nexstar Media Group Inc",153.34,2.58,+1.71%,152.2,154.62,151.1,278900,2025-02-14
NYT,"New York Times Company",49.75,-1.,-1.97%,50.9,50.9,49.49,2064600,2025-02-14
O,"Realty Income Corp",54.49,-0.43,-0.78%,55.08,55.43,54.47,3721300,2025-02-14
OC,"Owens Corning Inc",179.38,1.34,+0.75%,179.22,179.82,175.96,775300,2025-02-14
ODFL,"Old Dominion Freight Line Inc",206.34,-0.05,-0.02%,207,209.49,206.01,1274100,2025-02-14
OGE,"Oge Energy Corp",43.53,-0.19,-0.43%,43.88,44.19,43.45,666600,2025-02-14
OGN,"Organon & Co.",15.28,-1.04,-6.37%,16.14,16.5,15.25,4425600,2025-02-14
OHI,"Omega Healthcare Investors",36.4,0.049999999999997,+0.14%,36.48,36.67,36.16,1542800,2025-02-14
OKE,"Oneok Inc",97.85,-1.12,-1.13%,99.1,99.69,97.81,2813900,2025-02-14
OKTA,"Okta Inc Cl A",96.29,-3.97,-3.96%,100.26,100.3,96.1,2956200,2025-02-14
OLED,"Universal Display",142.5,-1.21,-0.84%,144.41,146.51,141.9,762500,2025-02-14
OLLI,"Ollies Bargain CS",108.35,1.64,+1.54%,107.09,109.04,106.03,1015000,2025-02-14
OLN,"Olin Corp",27.68,-0.19,-0.68%,28.26,28.67,27.65,1526400,2025-02-14
OMC,"Omnicom Group Inc",82.17,0.23,+0.28%,81.79,82.725,81.615,3063900,2025-02-14
OMF,"Onemain Holdings Inc",56.96,1.75,+3.17%,55.44,57.0837,55.425,790100,2025-02-14
ON,"On Semiconductor",51.83,0.91,+1.79%,51.17,51.88,50.84,5963800,2025-02-14
ONTO,"Onto Innovation Inc",176.55,2.7,+1.55%,171.46,177.055,170.815,1079800,2025-02-14
ORCL,"Oracle Corp",174.16,0.29999999999998,+0.17%,174.25,175.03,172.8128,7260800,2025-02-14
ORI,"Old Republic International Corp",36.41,-0.1,-0.27%,36.51,36.6499,36.29,1001000,2025-02-14
ORLY,"O'Reilly Automotive",1318.8,-16.88,-1.26%,1340.66,1340.66,1317.79,344500,2025-02-14
OSK,"Oshkosh Truck Corp",107.4,-0.61,-0.56%,108.94,109.23,106.67,587100,2025-02-14
OTIS,"Otis Worldwide Corp",96.74,-0.89,-0.91%,97.97,98.05,96.58,2267800,2025-02-14
OVV,"Ovintiv Inc",44.13,0.86,+1.99%,43.67,44.64,43.67,1909300,2025-02-14
OWL,"Blue Owl Capital Inc",23.94,0.42,+1.79%,23.53,23.995,23.34,3783200,2025-02-14
OXY,"Occidental Petroleum Corp",48.06,0.18,+0.38%,48.23,49.0876,48.01,10436000,2025-02-14
OZK,"Bank Ozk",51.86,-0.76,-1.44%,52.68,53.02,51.65,1158000,2025-02-14
PAG,"Penske Automotive Group",174.44,-1.45,-0.82%,175.89,175.89,171.97,324900,2025-02-14
PANW,"Palo Alto Networks Inc",200.03,-1.85,-0.92%,191.99,201.33,188.75,13989000,2025-02-14
PARA,"Paramount Global Cl B",11.3,0.49,+4.53%,10.89,11.34,10.84,15196899,2025-02-14
PARAA,"Paramount Global Cl A",23.18,0.36,+1.58%,22.84,23.35,22.36,79300,2025-02-14
PATH,"Uipath Inc Cl A",14.93,-0.21,-1.39%,15.28,15.3,14.705,7500700,2025-02-14
PAYC,"Paycom Software Inc",209.22,-2.76,-1.30%,213.27,213.27,207.53,900200,2025-02-14
PAYX,"Paychex Inc",147.25,-1.38,-0.93%,148.96,149.28,147.09,1052300,2025-02-14
PB,"Prosperity Bancshares",77.86,-0.16,-0.21%,78.47,79.03,77.65,364200,2025-02-14
PCAR,"Paccar Inc",105.96,0.69999999999999,+0.67%,105.55,106.39,104.95,1849800,2025-02-14
PCG,"Pacific Gas & Electric Company",15.29,-0.56,-3.53%,15.68,15.92,15.25,28251800,2025-02-14
PCOR,"Procore Technologies Inc",87.5,12.4,+16.51%,81.05,87.9,77.61,4581600,2025-02-14
PCTY,"Paylocity Holdings Corp",216.96,-0.6,-0.28%,217.94,218.74,214.91,450500,2025-02-14
PEG,"Public Service Enterprise Group Inc",83.7,-0.18,-0.21%,84.21,84.5,83.68,1665200,2025-02-14
PEGA,"Pegasystems Inc",85.02,-0.26,-0.30%,85.3,85.31,81.86,2028600,2025-02-14
PEN,"Penumbra Inc",268.67,-4.22,-1.55%,272.85,274.7529,266.86,400800,2025-02-14
PENN,"Penn Entertainment Inc",22.73,0.29,+1.29%,23,23.08,22.33,3561800,2025-02-14
PEP,"Pepsico Inc",143.39,-1.19,-0.82%,144.67,146.17,143.33,5001800,2025-02-14
PFE,"Pfizer Inc",25.53,-0.11,-0.43%,25.73,25.83,25.47,33214600,2025-02-14
PFG,"Principal Financial Group Inc",85.65,-1.3,-1.50%,87.12,87.36,85.5,1669700,2025-02-14
PFGC,"Performance Food Group Company",87.09,-0.86,-0.98%,88.2,88.27,86.68,1114400,2025-02-14
PG,"Procter & Gamble Company",162.89,-8.13,-4.75%,169.79,170,162.3,13179400,2025-02-14
PGR,"Progressive Corp",262.6,0.47000000000003,+0.18%,261.29,264.35,260.36,2852100,2025-02-14
PH,"Parker-Hannifin Corp",700.25,6.4299999999999,+0.93%,696.42,703.12,693.52,1034300,2025-02-14
PHM,Pultegroup,107.43,0.73,+0.68%,107.4,109.355,106.8,1519200,2025-02-14
PII,"Polaris Inc",45.08,0.68,+1.53%,44.82,46.2,44.63,869900,2025-02-14
PINC,"Premier Inc Cl A",17.77,-0.27,-1.50%,18.09,18.13,17.69,730700,2025-02-14
PINS,"Pinterest Inc",38.87,-0.22,-0.56%,39.1,39.235,38.57,7741400,2025-02-14
PK,"Park Hotels & Resorts Inc",12.88,0.11,+0.86%,12.84,12.9262,12.69,2738600,2025-02-14
PKG,"Packaging Corp of America",212.5,0.34999999999999,+0.16%,212.44,213.9,211.495,806300,2025-02-14
PLD,"Prologis Inc",120.85,-0.05,-0.04%,121.7,122.61,120.65,2101400,2025-02-14
PLNT,"Planet Fitness",100.99,-2.87,-2.76%,104.06,104.4085,100.41,1257800,2025-02-14
PLTK,"Playtika Holding Corp",7.42,-0.03,-0.40%,7.47,7.55,7.38,644500,2025-02-14
PLTR,"Palantir Technologies Inc Cl A",119.16,1.25,+1.06%,117.9,120.67,116.8,65528801,2025-02-14
PM,"Philip Morris International Inc",150.46,1.28,+0.86%,148.76,151.22,148.15,4778200,2025-02-14
PNC,"PNC Bank",193.91,-1.52,-0.78%,196.14,198.09,193.5,2362000,2025-02-14
PNFP,"Pinnacle Finl Ptnrs",120.24,0.39,+0.33%,120.6,121.4,119.73,386100,2025-02-14
PNR,"Pentair Ltd",96.73,-0.46,-0.47%,97.47,97.865,96.53,1161800,2025-02-14
PNW,"Pinnacle West Capital Corp",89.26,-0.09,-0.10%,89.56,90.185,89.17,1003100,2025-02-14
PODD,"Insulet Corp",280.56,-1.56,-0.55%,281.68,283.99,279.3,474700,2025-02-14
POOL,"Pool Corp",344.28,3.96,+1.16%,341.64,348.18,340.56,325300,2025-02-14
POST,"Post Holdings Inc",111.47,-1.52,-1.35%,113.06,113.6399,111.39,462100,2025-02-14
PPC,"Pilgrim's Pride",53.88,1.83,+3.52%,52.86,57.16,52.84,2882200,2025-02-14
PPG,"PPG Industries",117.75,-0.17,-0.14%,118.35,119.12,117.68,1677200,2025-02-14
PPL,"PPL Corp",33.73,-0.68,-1.98%,34.49,34.65,33.7,7404300,2025-02-14
PR,"Permian Resources Corp",14.17,-0.04,-0.28%,14.29,14.475,14.09,7360200,2025-02-14
PRGO,"Perrigo Company",24.49,-0.31,-1.25%,24.78,24.89,24.46,893500,2025-02-14
PRI,"Primerica Inc",281.18,-2.96,-1.04%,284.04,285.19,280.3,134300,2025-02-14
PRU,"Prudential Financial Inc",111.56,-0.35,-0.31%,112.1,112.8981,111.16,1276800,2025-02-14
PSA,"Public Storage",297.4,-3.84,-1.27%,302.61,303.81,297.33,398800,2025-02-14
PSN,"Parsons Corp",73.46,0.059999999999988,+0.08%,73.4,73.69,72.12,1401800,2025-02-14
PSTG,"Pure Storage Inc",67.8,0.25999999999999,+0.38%,67.54,67.86,66.34,1475300,2025-02-14
PSX,"Phillips 66",128.04,2.5,+1.99%,126.06,128.98,125.705,3285900,2025-02-14
PTC,"Ptc Inc",171.1,3.17,+1.89%,168,171.31,166.68,1445000,2025-02-14
PVH,"Phillips-Van Heusen Corp",77.71,0.20999999999999,+0.27%,77.62,78.6365,77.3,669700,2025-02-14
PWR,"Quanta Services",285.45,-5.41,-1.86%,292.2,294.41,282.7201,2092000,2025-02-14
PYCR,"Paycor Hcm Inc",22.19,0,0.00%,22.2,22.2,22.17,1367300,2025-02-14
PYPL,"Paypal Holdings",77.97,1.38,+1.80%,76.9,78.33,76.63,10504500,2025-02-14
QCOM,"Qualcomm Inc",172.23,0.079999999999984,+0.05%,172.6,172.82,171.04,4691300,2025-02-14
QDEL,"Quidelortho Corp",40.57,-1.08,-2.59%,42.05,42.24,38.77,1445800,2025-02-14
QGEN,"Qiagen N.V.",39.87,-0.19,-0.47%,40.09,40.18,39.69,1362800,2025-02-14
QRVO,"Qorvo Inc",76.16,-1.33,-1.72%,77.62,78.42,76.04,1438800,2025-02-14
QS,"Quantumscape Corp",5.23,0.06,+1.16%,5.24,5.49,5.18,15415100,2025-02-14
R,"Ryder System",166.34,5.27,+3.27%,162.52,166.57,162.37,509100,2025-02-14
RARE,"Ultragenyx Pharmaceu",42.49,-1.03,-2.37%,44.52,46.27,41.73,1211500,2025-02-14
RBA,"Rb Global Inc",96.3,0.67,+0.70%,95.54,96.64,95.2,1104200,2025-02-14
RBC,"RBC Bearings Inc",364.56,1.79,+0.49%,364.1,366.45,361.3501,188100,2025-02-14
RBLX,"Roblox Corp Cl A",66.75,1.22,+1.86%,65.48,67.18,65.25,6356500,2025-02-14
RCL,"Royal Caribbean Cruises Ltd",263.09,3,+1.15%,260.94,264.07,257.4,1308700,2025-02-14
REG,"Regency Centers Corp",72.34,-2.66,-3.55%,74.99,75.34,72.3,1270100,2025-02-14
REGN,"Regeneron Pharmaceuticals",673.6,-0.67,-0.10%,678.2,684,671.55,623000,2025-02-14
REXR,"Rexford Industrial Realty Inc",40.34,-0.23,-0.57%,40.9,41.31,40.34,1570400,2025-02-14
REYN,"Reynolds Consumer Products Inc",23.94,-0.48,-1.97%,24.62,24.63,23.88,713800,2025-02-14
RF,"Regions Financial Corp",24.32,0.27,+1.12%,24.16,24.485,24.09,8729900,2025-02-14
RGA,"Reinsurance Group of America Inc",199.85,-4.65,-2.27%,203.96,205.33,199.51,878500,2025-02-14
RGEN,"Repligen Corp",146.92,0.75,+0.51%,145.83,147.59,144.56,402900,2025-02-14
RGLD,"Royal Gold Inc",146.83,-6.66,-4.34%,155.03,155.64,146.65,880200,2025-02-14
RH,"Rh Common Stock",382.33,1.98,+0.52%,385.28,389.25,380.01,412000,2025-02-14
RHI,"Robert Half Inc",60.15,1.79,+3.07%,58.73,60.51,58.45,1620500,2025-02-14
RITM,"Rithm Capital Corp",12.03,0.039999999999999,+0.33%,12,12.1,11.995,2742400,2025-02-14
RIVN,"Rivian Automotive Inc Cl A",14.03,0.73,+5.49%,13.48,14.19,13.47,33953000,2025-02-14
RJF,"Raymond James Financial",159.84,-0.55,-0.34%,160.39,161.89,159.4,1699100,2025-02-14
RKT,"Rocket Companies Inc Cl A",13.1,0.24,+1.87%,13.14,13.45,12.95,2526200,2025-02-14
RL,"Ralph Lauren Corp",282.63,4.1,+1.47%,278.45,284.53,277.49,731000,2025-02-14
RLI,"Rli Corp",75.14,-0.91,-1.20%,75.91,76.04,75.05,479200,2025-02-14
RMD,"Resmed Inc",232.98,-6.5,-2.71%,241.86,243.475,232.76,1025900,2025-02-14
RNG,"Ringcentral Inc",33.74,-1.44,-4.09%,35.17,35.25,33.31,1295300,2025-02-14
RNR,"Renaissancere Holdings Ltd",230.93,-2.47,-1.06%,232.65,233.78,229.73,297900,2025-02-14
ROIV,"Roivant Sciences Ltd",10.56,0.11,+1.05%,10.48,10.62,10.42,3217900,2025-02-14
ROK,"Rockwell Automation Inc",294.4,-4.26,-1.43%,300.12,300.12,293.495,881900,2025-02-14
ROKU,"Roku Inc",99.07,12.27,+14.14%,100.79,104.96,96.16,18474100,2025-02-14
ROL,"Rollins Inc",50.73,-1.19,-2.29%,52.11,52.15,50.575,2819000,2025-02-14
ROP,"Roper Industries",573.58,0.15000000000009,+0.03%,575,577.93,572.93,353100,2025-02-14
ROST,"Ross Stores Inc",138.76,-1.68,-1.20%,140.71,140.93,138.74,2350900,2025-02-14
RPM,"RPM International Inc",123.46,0.66999999999999,+0.55%,123.22,124.88,123.22,1441100,2025-02-14
RPRX,"Royalty Pharma Plc Cl A",32.36,-0.1,-0.31%,32.46,32.89,32.28,4822300,2025-02-14
RRC,"Range Resources Corp",38.67,-0.13,-0.34%,39.03,39.62,38.565,2199800,2025-02-14
RRX,"Regal Rexnord Corp",137.17,0.75999999999999,+0.56%,137.85,141.135,136.91,689900,2025-02-14
RS,"Reliance Inc",297.69,6.43,+2.21%,292.94,298.985,292.42,513300,2025-02-14
RSG,"Republic Services",231.37,6.88,+3.06%,228.53,232.52,227.36,1506700,2025-02-14
RTX,"Rtx Corp",122.41,-3.43,-2.73%,125.45,125.45,121.38,7715800,2025-02-14
RVTY,"Revvity Inc",112.26,-0.62,-0.55%,113.69,114.03,112.22,793400,2025-02-14
RYAN,"Ryan Specialty Hldgs Inc",68.74,0.13,+0.19%,69.08,69.08,67.97,933200,2025-02-14
RYN,"Rayonier Inc REIT",25.37,-0.1,-0.39%,25.67,25.86,25.24,1547100,2025-02-14
S,"Sentinelone Inc Cl A",24.8,-0.17,-0.68%,25,25.24,24.56,3590100,2025-02-14
SAIA,"Saia Inc",487.53,5.34,+1.11%,482.96,494.7,482.96,243500,2025-02-14
SAIC,"Science Applications International",100.93,0.71,+0.71%,100.35,102.69,99.99,808200,2025-02-14
SAM,"Boston Beer Company",232.11,-0.87,-0.37%,235.26,238.535,230.59,196900,2025-02-14
SARO,"Standardaero Inc",26.58,-0.41,-1.52%,27.01,27.27,25.76,968300,2025-02-14
SBAC,"SBA Communications",205.37,-2.75,-1.32%,209.9,211.12,205.3,486800,2025-02-14
SBUX,"Starbucks Corp",112.55,0.16,+0.14%,112.82,113.47,112.03,9115000,2025-02-14
SCCO,"Southern Copper Corp",97.27,-0.57,-0.58%,99.2,100.105,96.84,1946900,2025-02-14
SCHW,"The Charles Schwab Corp",80.34,-0.96,-1.18%,81.55,81.745,80.05,9583400,2025-02-14
SCI,"Service Corp International",77.07,-4.41,-5.41%,80.06,80.89,76.96,2068900,2025-02-14
SEB,"Seaboard Corp",2927,312.03,+11.93%,2690.3301,2930,2641,4600,2025-02-14
SEE,"Sealed Air Corp",33.99,-0.11,-0.32%,34.33,34.665,33.91,662800,2025-02-14
SEG,"Seaport Entertainment Group Inc",25.95,-0.58,-2.19%,26.4,26.98,25.81,74800,2025-02-14
SEIC,"Sei Investments Company",82.28,-0.34,-0.41%,82.54,83.18,82.04,504200,2025-02-14
SF,"Stifel Financial Corp",110.37,1.59,+1.46%,108.96,110.65,108.96,428800,2025-02-14
SHC,"Sotera Health Company",13.48,0.05,+0.37%,13.49,13.7,13.44,520800,2025-02-14
SHW,"Sherwin-Williams Company",356.86,-4.27,-1.18%,362.18,366.45,356.32,1871900,2025-02-14
SIRI,"Siriusxm Holdings Inc",27.11,0.67,+2.53%,26.67,27.16,26.55,5031700,2025-02-14
SITE,"Siteone Landscape Supply",146.09,4.93,+3.49%,142.8,147.87,142.8,498900,2025-02-14
SJM,"J.M. Smucker Company",102.03,-2.06,-1.98%,103.31,105.17,101.82,1135600,2025-02-14
SKX,"Skechers U.S.A.",64.1,-0.2,-0.31%,63.64,64.63,62.955,2263900,2025-02-14
SLB,"Schlumberger N.V.",41.75,-0.33,-0.78%,42.26,42.61,41.7,12225000,2025-02-14
SLGN,"Silgan Holdings",53.68,0.48,+0.90%,53.52,53.87,53.36,617100,2025-02-14
SLM,"SLM Corp",31.43,1.41,+4.70%,30.15,31.46,29.94,2796900,2025-02-14
SMCI,"Super Micro Computer",47.91,5.63,+13.32%,42.94,48.18,42.85,133562000,2025-02-14
SMG,"Scotts Miracle-Gro Company",66.09,-0.59,-0.88%,67.39,68.3,66.02,633600,2025-02-14
SN,"Sharkninja Inc",110.31,-4.13,-3.61%,113.87,115.43,108.7663,1578200,2025-02-14
SNA,"Snap-On Inc",338.92,-0.81,-0.24%,340.75,341.9775,336.53,330500,2025-02-14
SNDR,"Schneider National Inc",27.52,-0.03,-0.11%,27.74,28.005,27.43,810800,2025-02-14
SNOW,"Snowflake Inc Cl A",187.6,-5.06,-2.63%,192.86,193,184.07,5812200,2025-02-14
SNPS,"Synopsys Inc",522.53,-5.76,-1.09%,527.36,527.66,519.41,943700,2025-02-14
SNV,"Synovus Financial Corp",55.22,0.75,+1.38%,54.57,55.63,54.57,1128900,2025-02-14
SNX,"Synnex Corp",144.42,2.82,+1.99%,141.945,144.48,141.775,463100,2025-02-14
SO,"Southern Company",85.58,-1.2,-1.38%,87.02,87.48,85.48,4391000,2025-02-14
SOFI,"Sofi Technologies Inc",16.21,1.02,+6.71%,15.41,16.42,15.24,63312398,2025-02-14
SOLV,"Solventum Corporation",74.24,-0.07,-0.09%,74.74,74.93,73.83,1081400,2025-02-14
SON,"Sonoco Products",47.76,-0.44,-0.91%,48.26,48.6799,47.725,596900,2025-02-14
SPB,"Spectrum Brands Holdings Inc",78.03,-0.5,-0.64%,78.67,78.89,77.515,400500,2025-02-14
SPG,"Simon Property Group",185.05,-1.17,-0.63%,186.86,188.135,184.99,998000,2025-02-14
SPGI,"S&P Global Inc",539.69,-2.63,-0.48%,544.23,545.39,538.89,973600,2025-02-14
SPOT,"Spotify Technology S.A.",638.18,-10.14,-1.56%,643.76,648,626.1,2120600,2025-02-14
SPR,"Spirit Aerosystems Holdings",34.51,-0.02,-0.06%,34.7,34.7,34.28,503700,2025-02-14
SRE,Sempra,84.1,0.23999999999999,+0.29%,84.17,85.07,83.85,3603500,2025-02-14
SRPT,"Sarepta Therapeutics",107.95,-1.51,-1.38%,109.84,111.21,107.61,630900,2025-02-14
SSD,"Simpson Manufacturing Company",174.28,6.67,+3.98%,168.87,174.7,168.87,376700,2025-02-14
SSNC,"SS&C Technologies",88.66,0.08,+0.09%,88.58,89.25,87.81,1021300,2025-02-14
ST,"Sensata Technologies Holding N.V.",29.54,0.69,+2.39%,29.18,29.71,28.78,2151900,2025-02-14
STAG,"Stag Industrial Inc",35.06,-0.29,-0.82%,35.49,35.73,35.05,1606300,2025-02-14
STE,"Steris Corp",219.34,0.11000000000001,+0.05%,220.49,221.8,218.91,322500,2025-02-14
STLD,"Steel Dynamics Inc",135.83,2.95,+2.22%,133.31,136.23,132.82,1608400,2025-02-14
STT,"State Street Corp",99.16,0.14,+0.14%,99.53,100.54,98.97,1520600,2025-02-14
STWD,"Starwood Property Trust",19.79,0.13,+0.66%,19.7,19.9,19.7,1910900,2025-02-14
STZ,"Constellation Brands Inc",162.94,-0.26,-0.16%,164.51,165.19,161.06,2313300,2025-02-14
SUI,"Sun Communities",124.99,-1.62,-1.28%,127.6,127.9999,124.88,636400,2025-02-14
SW,"Smurfit Westrock Plc",53.65,-0.5692,-1.05%,54.32,54.74,53.415,3550400,2025-02-14
SWK,"Stanley Black & Decker Inc",87.1,0.28999999999999,+0.33%,87.1,88.61,86.94,997200,2025-02-14
SWKS,"Skyworks Solutions",65.93,-0.25,-0.38%,66.41,66.68,65.87,2972400,2025-02-14
SYF,"Synchrony Financial",65.21,1.13,+1.76%,63.94,65.42,63.91,2063200,2025-02-14
SYK,"Stryker Corp",385.18,-3.19,-0.82%,390.03,391.485,384.5,1267800,2025-02-14
SYY,"Sysco Corp",71.1,-0.77,-1.07%,71.75,72.265,70.98,2542000,2025-02-14
T,"AT&T Inc",25.87,0.24,+0.94%,25.67,25.93,25.6,31687700,2025-02-14
TAP,"Molson Coors Brewing Company",60.36,1.82,+3.11%,59.32,60.5,58.95,3271700,2025-02-14
TDC,"Teradata Corp",24.8,-0.03,-0.12%,24.94,24.94,24.51,1501500,2025-02-14
TDG,"Transdigm Group Inc",1314.1899,-21.7701,-1.63%,1337,1337,1298.1949,350600,2025-02-14
TDY,"Teledyne Technologies Inc",489.73,-9.55,-1.91%,499.37,500.415,487.235,322000,2025-02-14
TEAM,"Atlassian Corp",313.1,-2.9,-0.92%,312.58,314.35,307.31,2882500,2025-02-14
TECH,"Bio-Techne Corp",65.94,-0.83,-1.24%,67.61,67.74,65.75,1172500,2025-02-14
TER,"Teradyne Inc",113.25,0.41,+0.36%,112.26,113.64,112.07,1838500,2025-02-14
TFC,"Truist Financial Corp",46.81,0.87,+1.89%,46.12,46.86,45.78,5376300,2025-02-14
TFSL,"Tfs Financial Corp",13.58,-0.18,-1.31%,13.81,13.86,13.57,283300,2025-02-14
TFX,"Teleflex Inc",167.43,-0.18,-0.11%,169.11,169.84,166.76,518300,2025-02-14
TGT,"Target Corp",127.88,-0.7,-0.54%,128.93,129.44,127.36,4549000,2025-02-14
THC,"Tenet Healthcare Corp",133.31,-0.26,-0.19%,134.04,137.57,132.59,1991800,2025-02-14
THG,"The Hanover Insurance Group",162.66,-1.24,-0.76%,163.4,164,162.245,263200,2025-02-14
THO,"Thor Industries",103.92,1.39,+1.36%,103.8,105.74,102.7643,667500,2025-02-14
TJX,"TJX Companies",124.34,-1.51,-1.20%,126.55,126.745,123.35,4193100,2025-02-14
TKO,"Tko Group Holdings Inc Cl A",175.5,1.01,+0.58%,174.74,177.21,171.745,1453500,2025-02-14
TKR,"Timken Company",83.15,0.030000000000001,+0.04%,83.82,83.92,82.645,670900,2025-02-14
TMO,"Thermo Fisher Scientific Inc",531.85,-0.79,-0.15%,535.1,537.455,531.309,1517200,2025-02-14
TMUS,"T-Mobile US",270.82,5.74,+2.17%,266.69,271.41,264.4,4835500,2025-02-14
TNL,"Travel + Leisure Co.",56.42,0.32,+0.57%,56.62,56.75,56.06,479000,2025-02-14
TOL,"Toll Brothers Inc",123.63,0.099999999999994,+0.08%,124.38,126.14,122.83,1800200,2025-02-14
TOST,"Toast Inc Cl A",40.49,0.29,+0.72%,40.23,40.95,39.515,8114500,2025-02-14
TPG,"Tpg Inc Cl A",59.38,0.89,+1.52%,58.72,59.76,58.47,1219400,2025-02-14
TPL,"Texas Pacific Land Trust",1372.4,19.2199,+1.42%,1365.4301,1390,1349.65,85800,2025-02-14
TPR,"Tapestry Inc",87.7,1.06,+1.22%,86.35,88.07,85.76,4819200,2025-02-14
TPX,"Tempur-Pedic International Inc",68.78,0.34,+0.50%,68.96,69.55,68.3,2993200,2025-02-14
TREX,"Trex Company",67.33,-0.49,-0.72%,68.49,70.08,66.68,2933100,2025-02-14
TRGP,"Targa Resources",205.36,0.94000000000003,+0.46%,203.94,207.18,202.45,1181700,2025-02-14
TRIP,"Tripadvisor Inc",17.81,0.06,+0.34%,17.94,18.2,17.81,2064400,2025-02-14
TRMB,"Trimble Navigation",74.29,0.63000000000001,+0.86%,73.65,74.41,73.42,1229300,2025-02-14
TROW,"T Rowe Price Group",107.17,-0.07,-0.07%,107.63,108.16,107,1176100,2025-02-14
TRU,Transunion,99.74,-0.51,-0.51%,100.24,101.19,98.93,2429900,2025-02-14
TRV,"The Travelers Companies Inc",238.3,-4.71,-1.94%,242.02,242.44,236.96,1348200,2025-02-14
TSCO,"Tractor Supply Company",57.14,0.15,+0.26%,57.21,57.37,56.59,4901500,2025-02-14
TSLA,"Tesla Inc",355.84,-0.1,-0.03%,360.62,362,347.5,68277203,2025-02-14
TSN,"Tyson Foods",57.1,-0.47,-0.82%,58.17,58.3,57.05,3151500,2025-02-14
TT,"Trane Technologies Plc",363.26,1.98,+0.55%,360.55,364.25,359.18,1019600,2025-02-14
TTC,"Toro Company",80.54,0.37,+0.46%,80.64,81.9,80.09,860100,2025-02-14
TTD,"Trade Desk Inc",80.16,-1.76,-2.15%,82.55,83.61,80.1,19341699,2025-02-14
TTEK,"Tetra Tech Inc",30.6,-0.18,-0.58%,30.75,31.09,30.42,3354800,2025-02-14
TTWO,"Take-Two Interactive",208.76,-1.33,-0.63%,210.23,212.59,208.55,1454600,2025-02-14
TW,"Tradeweb Markets Inc",127.03,-1.32,-1.03%,127.38,128,125.61,1046800,2025-02-14
TWLO,Twilio,125.17,-22.11,-15.01%,131.86,131.95,122.01,15503300,2025-02-14
TXG,"10X Genomics Inc",12.31,0.38,+3.14%,12.01,13.07,11.86,4358100,2025-02-14
TXN,"Texas Instruments",183.03,2.23,+1.23%,181.51,184.72,181.05,4137800,2025-02-14
TXRH,"Texas Roadhouse Inc",171.7,0.27,+0.16%,171.72,172.82,169.68,1059500,2025-02-14
TXT,"Textron Inc",72.28,-0.82,-1.12%,73.31,73.675,72.03,1582200,2025-02-14
TYL,"Tyler Technologies",641.7,-5.04,-0.78%,648.91,650.975,636.74,314100,2025-02-14
U,"Unity Software Inc",21.51,0.77,+3.71%,21.15,21.58,20.96,9453900,2025-02-14
UA,"Under Armour Inc Cl C",6.63,-0.1,-1.49%,6.76,6.79,6.62,4128700,2025-02-14
UAA,"Under Armour",7.1,-0.18,-2.47%,7.26,7.29,7.09,9948100,2025-02-14
UAL,"United Airlines Holdings Inc",104.26,3.37,+3.34%,101.48,104.59,100.58,5208300,2025-02-14
UBER,"Uber Technologies Inc",79.42,-0.87,-1.08%,80.35,80.35,78.87,15405600,2025-02-14
UDR,"United Dominion Realty Trust",42.95,-0.2,-0.46%,43.2,43.73,42.91,1426400,2025-02-14
UGI,"Ugi Corp",32.28,-0.07,-0.22%,32.58,32.66,32.21,1202900,2025-02-14
UHAL,"U-Haul Holding Company",74.26,0.45,+0.61%,74.41,74.65,73.53,54800,2025-02-14
UHA.B,"U-Haul Holding Series N Non-Voting",66.41,0.92,+1.40%,65.94,66.6,65.4398,169600,2025-02-14
UHS,"Universal Health Services",181.54,-1.27,-0.69%,183.2,184.925,181.31,392200,2025-02-14
UI,"Ubiquiti Networks",341.22,-2.24,-0.65%,342.19,347.56,341,62900,2025-02-14
ULTA,"Ulta Beauty Inc",365.14,4.7,+1.30%,362.37,365.74,357.92,1181500,2025-02-14
UNH,"Unitedhealth Group Inc",523.51,-7.67,-1.44%,529,533.2,522.91,3705300,2025-02-14
UNM,"Unumprovident Corp",74.36,-1.08,-1.43%,75.24,75.77,74.31,1150100,2025-02-14
UNP,"Union Pacific Corp",249.22,-1.75,-0.70%,251.49,253.2,249.1,1696300,2025-02-14
UPS,"United Parcel Service",116.22,0.58,+0.50%,116.06,116.76,115.66,5942300,2025-02-14
URI,"United Rentals",741.26,11.89,+1.63%,731.63,744.155,731.63,415900,2025-02-14
USB,"U.S. Bancorp",47.75,0.36,+0.76%,47.56,48.05,47.5,5398800,2025-02-14
USFD,"US Foods Holding",71.25,0.14,+0.20%,71.02,71.87,70.4,3795500,2025-02-14
UTHR,"United Therapeutic",370.58,0.14,+0.04%,370.93,370.93,364.62,209300,2025-02-14
UWMC,"Uwm Hldg Corp",6.39,0.069999999999999,+1.11%,6.38,6.48,6.35,1824800,2025-02-14
V,"Visa Inc",353.81,-1.82,-0.51%,354.43,355.4299,353.22,5720200,2025-02-14
VAC,"Marriot Vacations Worldwide Cor",86.47,1.22,+1.43%,86,87.19,85.88,416700,2025-02-14
VEEV,"Veeva Systems Inc",234,-0.15,-0.06%,232.27,235.585,231.35,853400,2025-02-14
VFC,"V.F. Corp",25.59,0.050000000000001,+0.20%,25.55,25.72,25.06,4690500,2025-02-14
VICI,"Vici Properties Inc",30.37,-0.06,-0.20%,30.62,30.87,30.37,4791200,2025-02-14
VIRT,"Virtu Financial Cm A",36.77,-0.07,-0.19%,36.71,37.19,36.41,553700,2025-02-14
VKTX,"Viking Thera",30.48,0.98,+3.32%,29.6,30.88,29.5,3282000,2025-02-14
VLO,"Valero Energy Corp",135.31,4.32,+3.30%,131.6,135.67,130.75,3512800,2025-02-14
VLTO,"Veralto Corporation",97.99,-1.76,-1.76%,99.99,99.99,97.98,974500,2025-02-14
VMC,"Vulcan Materials Company",270.46,1.13,+0.42%,270.24,272.265,267.77,927800,2025-02-14
VMI,"Valmont Industries",320.79,-2.25,-0.70%,325.4,329.36,316.49,130600,2025-02-14
VNO,"Vornado Realty Trust",42.34,0.49,+1.17%,42.01,43,42.01,1091700,2025-02-14
VNOM,"Viper Energy Inc",49.41,-0.59,-1.18%,49.9,50.58,48.82,1164500,2025-02-14
VNT,"Vontier Corp",39.27,0.87,+2.27%,38.66,39.555,38.625,881300,2025-02-14
VOYA,"VOYA Financial Inc",74.96,0.73999999999999,+1.00%,74.8,75.81,74.58,1060400,2025-02-14
VRSK,"Verisk Analytics Inc",293.48,-2.02,-0.68%,295.5,296.94,293.33,535400,2025-02-14
VRSN,"Verisign Inc",229.24,-0.1,-0.04%,229,229.6,226.5,730500,2025-02-14
VRT,"Vertiv Holdings Llc.",108.05,-1.23,-1.13%,109.3,109.3,105.86,7157200,2025-02-14
VRTX,"Vertex Pharmaceutic",459,-3.58,-0.77%,462.5,469.55,457.36,995200,2025-02-14
VST,"Vistra Energy Corp",167.66,2.01,+1.21%,165.61,170.45,161.5,5713200,2025-02-14
VSTS,"Vestis Corporation",13.69,-0.04,-0.29%,13.71,13.85,13.645,590800,2025-02-14
VTR,"Ventas Inc",66.53,1.59,+2.45%,64.78,66.65,64.48,4227400,2025-02-14
VTRS,"Viatris Inc",10.8,0,0.00%,10.88,11.02,10.78,9588199,2025-02-14
VVV,"Valvoline Inc",39.68,-0.42,-1.05%,40.17,40.17,39.39,2027700,2025-02-14
VZ,"Verizon Communications Inc",40.99,-0.05,-0.12%,41.14,41.29,40.935,12438100,2025-02-14
W,"Wayfair Inc",49.41,1.82,+3.82%,49.25,51.13,49.13,3852200,2025-02-14
WAB,"Wabtec Corp",188.19,-8.29,-4.22%,195.72,196.214,187.31,1949400,2025-02-14
WAL,"Western Alliance Bancorp",88.75,1.78,+2.05%,87.08,89.07,87.08,651800,2025-02-14
WAT,"Waters Corp",369.73,-9.38,-2.47%,381.06,381.06,368.55,471600,2025-02-14
WBA,"Walgreens Boots Alliance",9.7,-0.05,-0.51%,9.79,9.86,9.66,12494101,2025-02-14
WBD,"Discovery Inc Series A",10.34,0.14,+1.37%,10.32,10.4,10.13,22465900,2025-02-14
WBS,"Webster Financial Corp",59.12,0.16,+0.27%,59.26,59.83,58.84,480300,2025-02-14
WCC,"Wesco International",196.85,3.18,+1.64%,195.27,197.36,194.68,467500,2025-02-14
WDAY,"Workday Inc",258.05,-2.08,-0.80%,259.95,261.39,257.56,1382400,2025-02-14
WDC,"Western Digital Corp",68.39,0.83,+1.23%,67.87,68.87,67.47,5677800,2025-02-14
WEC,"Wisconsin Energy Corp",102.97,0.082499999999996,+0.08%,102.97,103.84,102.7,1743200,2025-02-14
WELL,"Welltower Inc",149.97,-1.47,-0.97%,151.5,151.785,149.06,1878500,2025-02-14
WEN,"Wendys Company",14.3,-0.46,-3.12%,15.09,15.09,14.28,8628400,2025-02-14
WEX,"Wex Inc",154.69,-0.43,-0.28%,156.05,156.3,152.89,595200,2025-02-14
WFC,"Wells Fargo & Company",79.98,1.13,+1.43%,79.23,80.3399,78.89,17521300,2025-02-14
WFRD,"Weatherford International Plc",70.54,-3.39,-4.59%,74.18,74.33,70.06,2161700,2025-02-14
WH,"Wyndham Hotels & Resorts Inc",109.32,2,+1.86%,110.15,110.94,108.16,1245100,2025-02-14
WHR,"Whirlpool Corp",103.89,2.33,+2.29%,103.07,105.25,102.49,984900,2025-02-14
WING,"Wingstop Inc",304.69,-7.24,-2.32%,312,314.14,303.17,641100,2025-02-14
WLK,"Westlake Corp",115.27,2.69,+2.39%,113.77,117.71,113.77,919500,2025-02-14
WM,"Waste Management",227.73,0.13,+0.06%,228.13,230.38,227.58,1206900,2025-02-14
WMB,"Williams Companies",56.98,-0.48,-0.84%,57.77,57.895,56.89,7441100,2025-02-14
WMS,"Advanced Drainage Systems Inc",126.93,0.85000000000001,+0.67%,126.93,127.75,125.06,494000,2025-02-14
WMT,"Walmart Inc",104.04,-1.01,-0.96%,105.3,105.3,103.6,14109400,2025-02-14
WOLF,"Wolfspeed Inc",6.18,0.29,+4.92%,5.98,6.27,5.89,15634900,2025-02-14
WPC,"W.P. Carey & Company Llc",58.69,-0.18,-0.31%,59.01,59.34,58.49,1337500,2025-02-14
WRB,"W.R. Berkley Corp",60.35,-1.14,-1.85%,61.32,61.535,60.31,1432800,2025-02-14
WSC,"Willscot Holdings Corp",38.02,-0.25,-0.65%,38.49,38.82,37.51,1314800,2025-02-14
WSM,Williams-Sonoma,214.6,7.54,+3.64%,209.71,215.43,209.52,1127000,2025-02-14
WSO,"Watsco Inc",483.69,7.19,+1.51%,479.1,486.16,478.89,429600,2025-02-14
WST,"West Pharmaceutical Services",214.73,15.62,+7.84%,202.67,223.4377,201.86,5027300,2025-02-14
WTFC,"Wintrust Financial Corp",129.61,-0.3,-0.23%,130.01,131,128.87,458700,2025-02-14
WTM,"White Mountains Insurance Group",1826.1801,-8.,-0.44%,1821.3101,1846.5699,1821.3101,9300,2025-02-14
WTRG,"Essential Utilities Inc",35.2,-0.63,-1.76%,35.82,36.15,35.14,910300,2025-02-14
WTW,"Willis Towers Watson Public Ltd",320.4,-1.88,-0.58%,324.56,325.01,320.18,560900,2025-02-14
WU,"Western Union Company",10.51,0.15,+1.45%,10.42,10.525,10.39,4494300,2025-02-14
WWD,"Woodward Inc",186.53,-4.2,-2.20%,190.39,190.53,185.52,478100,2025-02-14
WY,"Weyerhaeuser Company",29.61,-0.09,-0.30%,29.94,30.265,29.57,2638700,2025-02-14
WYNN,"Wynn Resorts Ltd",88.82,8.35,+10.38%,84.64,89.45,83.53,9031500,2025-02-14
X,"United States Steel Corp",38.43,-0.39,-1.00%,38.9,39.13,37.64,5498100,2025-02-14
XEL,"XCEL Energy Inc",68.61,0.21,+0.31%,68.6,69.59,68.42,4167800,2025-02-14
XOM,"Exxon Mobil Corp",108.24,0.11,+0.10%,108.52,110.23,108.1,15733500,2025-02-14
XP,"XP Inc Cl A",14.74,0.4,+2.79%,14.58,15.05,14.51,8523600,2025-02-14
XPO,"Xpo Inc",145.64,2.21,+1.54%,144,145.865,143.19,762400,2025-02-14
XRAY,"Dentsply Sirona Inc",18.32,-0.45,-2.40%,18.73,18.8,18.29,2580800,2025-02-14
XYL,"Xylem Inc",129.38,-1.71,-1.30%,131.28,131.735,129.21,1162400,2025-02-14
XYZ,"Block Inc",84,-0.29,-0.34%,84.18,84.53,82.23,5658300,2025-02-14
YETI,"Yeti Holdings Inc",38.02,0.44,+1.17%,37.2,38.61,36.9203,2150800,2025-02-14
YUM,"Yum! Brands",147.91,-0.84,-0.56%,149.05,149.3,147.59,1970700,2025-02-14
Z,"Zillow Group Cl C",79.97,1.26,+1.60%,78.7,80.08,77.44,2517000,2025-02-14
ZBH,"Zimmer Biomet Holdings",100.52,0.61,+0.61%,100.64,101.89,100.15,2099900,2025-02-14
ZBRA,"Zebra Technologies",318.36,-5.06,-1.56%,321,321.86,312.37,868800,2025-02-14
ZG,"Zillow Grp Inc Cl A",76.89,1.49,+1.98%,75.43,77,74.21,721400,2025-02-14
"Downloaded from Barchart.com as of 02-17-2025 01:56pm CST"
